"CpG","chr","pos","gene","gene_region","island_relation","Metastasis","Primary","delta_beta","logFC_M","t","p_value","fdr","significant","direction"
"cg12497564","chr3",139258295,"RBP1","body","Island",0.094,0.38,-0.286,-2.573,-20.286,6.66e-09,0.00486,TRUE,"hypo"
"cg01364799","chr7",75623366,"TMEM120A","body","Island",0.114,0.381,-0.267,-2.262,-17.17,2.94e-08,0.00533,TRUE,"hypo"
"cg08128789","chr1",89989925,"LRRC8B","promoter","Island",0.082,0.327,-0.244,-2.441,-16.52,4.15e-08,0.00533,TRUE,"hypo"
"cg06167719","chr21",38362727,"HLCS","promoter","Island",0.149,0.506,-0.357,-2.563,-15.571,6.99e-08,0.00533,TRUE,"hypo"
"cg26039042","chr8",144815275,"FAM83H","promoter","Island",0.47,0.725,-0.254,-1.568,-15.452,7.48e-08,0.00533,TRUE,"hypo"
"cg00243807","chr9",137827593,"","intergenic","OpenSea",0.327,0.587,-0.26,-1.547,-15.419,7.63e-08,0.00533,TRUE,"hypo"
"cg16518145","chr10",29164942,"","intergenic","OpenSea",0.12,0.399,-0.279,-2.289,-14.969,9.9e-08,0.00533,TRUE,"hypo"
"cg01761909","chr7",135748070,"","intergenic","OpenSea",0.18,0.404,-0.224,-1.626,-14.697,1.16e-07,0.00533,TRUE,"hypo"
"cg12273849","chr1",246760703,"CNST","body","OpenSea",0.686,0.395,0.29,1.743,14.615,1.22e-07,0.00533,TRUE,"hyper"
"cg04380260","chr3",127539688,"MGLL","body","N_Shore",0.119,0.32,-0.201,-1.802,-14.334,1.45e-07,0.00533,TRUE,"hypo"
"cg00295572","chr1",3568236,"TP73","promoter","Island",0.451,0.747,-0.297,-1.858,-14.281,1.5e-07,0.00533,TRUE,"hypo"
"cg20540714","chr6",10415873,"TFAP2A","promoter","N_Shore",0.134,0.415,-0.281,-2.216,-14.087,1.69e-07,0.00533,TRUE,"hypo"
"cg09137081","chr17",80330606,"","intergenic","S_Shore",0.305,0.523,-0.218,-1.322,-14.047,1.73e-07,0.00533,TRUE,"hypo"
"cg19878482","chr8",144655026,"C8orf73","promoter","S_Shore",0.264,0.572,-0.308,-1.905,-14.038,1.74e-07,0.00533,TRUE,"hypo"
"cg24210821","chr3",171912733,"FNDC3B","body","OpenSea",0.454,0.223,0.231,1.537,13.944,1.84e-07,0.00533,TRUE,"hyper"
"cg03050522","chr19",42386962,"ARHGEF1","promoter","Island",0.166,0.518,-0.352,-2.452,-13.921,1.87e-07,0.00533,TRUE,"hypo"
"cg12465942","chr19",10614189,"KEAP1","promoter","Island",0.327,0.649,-0.322,-1.935,-13.917,1.88e-07,0.00533,TRUE,"hypo"
"cg07604902","chr1",164669399,"PBX1","body","OpenSea",0.412,0.649,-0.237,-1.401,-13.825,1.99e-07,0.00533,TRUE,"hypo"
"cg08346756","chr4",127837850,"","intergenic","OpenSea",0.107,0.338,-0.231,-2.111,-13.668,2.2e-07,0.00533,TRUE,"hypo"
"cg24142603","chr8",72753888,"MSC","body","Island",0.164,0.414,-0.25,-1.85,-13.584,2.32e-07,0.00533,TRUE,"hypo"
"cg05123976","chr17",45949677,"","intergenic","Island",0.304,0.596,-0.292,-1.763,-13.579,2.33e-07,0.00533,TRUE,"hypo"
"cg14553881","chr17",79361650,"","intergenic","Island",0.164,0.458,-0.293,-2.112,-13.537,2.39e-07,0.00533,TRUE,"hypo"
"cg25021970","chr8",1949342,"KBTBD11","promoter","Island",0.087,0.321,-0.235,-2.34,-13.522,2.41e-07,0.00533,TRUE,"hypo"
"cg00800993","chr20",58514806,"C20orf177;PPP1R3D","promoter","Island",0.128,0.368,-0.24,-1.999,-13.397,2.62e-07,0.00562,TRUE,"hypo"
"cg24100604","chr2",75823560,"","intergenic","OpenSea",0.63,0.358,0.272,1.616,13.338,2.72e-07,0.00568,TRUE,"hyper"
"cg27535573","chr16",61952176,"CDH8","body","OpenSea",0.35,0.733,-0.383,-2.359,-13.256,2.87e-07,0.00573,TRUE,"hypo"
"cg07171527","chr1",8377844,"","intergenic","Island",0.28,0.566,-0.286,-1.752,-13.069,3.25e-07,0.00573,TRUE,"hypo"
"cg11504517","chr1",3569899,"TP73","promoter","S_Shore",0.263,0.492,-0.229,-1.442,-12.883,3.68e-07,0.00573,TRUE,"hypo"
"cg02876276","chr17",77834299,"","intergenic","Island",0.416,0.699,-0.283,-1.716,-12.853,3.76e-07,0.00573,TRUE,"hypo"
"cg17104258","chr1",167090646,"DUSP27","body","Island",0.107,0.425,-0.318,-2.643,-12.764,3.99e-07,0.00573,TRUE,"hypo"
"cg05822532","chr7",73442531,"ELN","promoter","OpenSea",0.075,0.277,-0.202,-2.236,-12.723,4.1e-07,0.00573,TRUE,"hypo"
"cg23801021","chr11",72353434,"PDE2A","promoter","Island",0.071,0.295,-0.223,-2.449,-12.719,4.11e-07,0.00573,TRUE,"hypo"
"cg01915516","chr1",3568243,"TP73","promoter","Island",0.431,0.711,-0.28,-1.709,-12.708,4.14e-07,0.00573,TRUE,"hypo"
"cg05176556","chr2",220716304,"","intergenic","OpenSea",0.361,0.602,-0.241,-1.421,-12.691,4.19e-07,0.00573,TRUE,"hypo"
"cg26419378","chr5",14299110,"TRIO","body","OpenSea",0.206,0.48,-0.275,-1.84,-12.679,4.23e-07,0.00573,TRUE,"hypo"
"cg24539668","chr2",47499521,"","intergenic","Island",0.113,0.405,-0.291,-2.442,-12.638,4.35e-07,0.00578,TRUE,"hypo"
"cg10683055","chr21",34638126,"IL10RB","promoter","N_Shore",0.183,0.428,-0.244,-1.745,-12.615,4.42e-07,0.00578,TRUE,"hypo"
"cg13614738","chr3",129347136,"","intergenic","S_Shore",0.169,0.411,-0.242,-1.779,-12.541,4.65e-07,0.00598,TRUE,"hypo"
"cg03967627","chr8",144655030,"C8orf73","promoter","S_Shore",0.112,0.319,-0.206,-1.888,-12.49,4.81e-07,0.006,TRUE,"hypo"
"cg08946161","chr16",81481448,"CMIP","body","S_Shelf",0.521,0.75,-0.229,-1.468,-12.491,4.81e-07,0.006,TRUE,"hypo"
"cg23037132","chr1",40105664,"HEYL","promoter","Island",0.136,0.4,-0.263,-2.096,-12.412,5.08e-07,0.00608,TRUE,"hypo"
"cg24734122","chr16",2301887,"ECI1","promoter","Island",0.09,0.352,-0.262,-2.466,-12.402,5.12e-07,0.00608,TRUE,"hypo"
"cg19881992","chr2",216491679,"","intergenic","OpenSea",0.481,0.229,0.252,1.645,12.365,5.25e-07,0.00615,TRUE,"hyper"
"cg23836139","chr7",99214232,"ZNF498","promoter","Island",0.069,0.278,-0.209,-2.396,-12.303,5.48e-07,0.00623,TRUE,"hypo"
"cg13307058","chr6",134497542,"SGK1","promoter","Island",0.077,0.319,-0.242,-2.504,-12.245,5.71e-07,0.00627,TRUE,"hypo"
"cg07043823","chr8",58982980,"FAM110B","promoter","OpenSea",0.115,0.335,-0.22,-1.969,-12.234,5.76e-07,0.00627,TRUE,"hypo"
"cg08425050","chr8",1816766,"ARHGEF10","body","OpenSea",0.22,0.483,-0.263,-1.733,-12.17,6.03e-07,0.00638,TRUE,"hypo"
"cg25913882","chr10",17067842,"CUBN","body","OpenSea",0.458,0.25,0.208,1.346,12.139,6.16e-07,0.00643,TRUE,"hyper"
"cg22126914","chr7",128095574,"C7orf68","promoter","N_Shore",0.121,0.35,-0.229,-1.992,-12.045,6.59e-07,0.00655,TRUE,"hypo"
"cg04662369","chr17",78754318,"RPTOR","body","OpenSea",0.162,0.411,-0.249,-1.866,-12.023,6.69e-07,0.00655,TRUE,"hypo"
"cg15109150","chr20",49308830,"FAM65C","promoter","OpenSea",0.217,0.437,-0.22,-1.495,-11.958,7.01e-07,0.00666,TRUE,"hypo"
"cg21674263","chr1",27217010,"GPN2;GPATCH3","promoter","Island",0.082,0.373,-0.29,-2.752,-11.937,7.12e-07,0.00666,TRUE,"hypo"
"cg11028738","chr7",56077446,"","intergenic","OpenSea",0.138,0.405,-0.267,-2.108,-11.93,7.16e-07,0.00666,TRUE,"hypo"
"cg15988232","chr3",47621127,"CSPG5","promoter","Island",0.245,0.498,-0.253,-1.62,-11.831,7.69e-07,0.00684,TRUE,"hypo"
"cg09234378","chr15",90455792,"C15orf38","body","Island",0.163,0.469,-0.306,-2.208,-11.786,7.95e-07,0.00689,TRUE,"hypo"
"cg11873492","chr4",84140721,"","intergenic","OpenSea",0.306,0.632,-0.326,-1.969,-11.772,8.03e-07,0.00689,TRUE,"hypo"
"cg02852959","chr12",2944436,"NRIP2","promoter","OpenSea",0.461,0.686,-0.225,-1.356,-11.729,8.29e-07,0.00696,TRUE,"hypo"
"cg12231969","chr2",119605253,"EN1","promoter","Island",0.106,0.343,-0.237,-2.156,-11.685,8.56e-07,0.007,TRUE,"hypo"
"cg03637670","chr3",193500764,"","intergenic","OpenSea",0.484,0.278,0.206,1.287,11.662,8.7e-07,0.007,TRUE,"hyper"
"cg07997987","chr2",31361820,"GALNT14","promoter","Island",0.26,0.478,-0.218,-1.385,-11.613,9.03e-07,0.00701,TRUE,"hypo"
"cg17445812","chr3",36986805,"TRANK1","promoter","Island",0.393,0.608,-0.215,-1.263,-11.605,9.08e-07,0.00701,TRUE,"hypo"
"cg03269636","chr8",128921750,"PVT1","body","OpenSea",0.709,0.472,0.237,1.451,11.544,9.5e-07,0.00701,TRUE,"hyper"
"cg10230957","chr5",149112344,"MIR378A;PPARGC1B","promoter","S_Shore",0.309,0.573,-0.264,-1.596,-11.523,9.65e-07,0.00701,TRUE,"hypo"
"cg24798971","chr9",115512755,"SNX30","promoter","Island",0.077,0.321,-0.244,-2.484,-11.52,9.67e-07,0.00701,TRUE,"hypo"
"cg02008285","chr14",97446061,"","intergenic","OpenSea",0.221,0.434,-0.213,-1.441,-11.516,9.7e-07,0.00701,TRUE,"hypo"
"cg13148544","chr20",30196119,"","intergenic","Island",0.119,0.351,-0.232,-2.022,-11.431,1.03e-06,0.00725,TRUE,"hypo"
"cg20415053","chr1",26527928,"CATSPER4","body","OpenSea",0.086,0.338,-0.252,-2.472,-11.41,1.05e-06,0.00725,TRUE,"hypo"
"cg18124445","chr1",246760852,"CNST","body","OpenSea",0.767,0.557,0.21,1.382,11.35,1.1e-06,0.00738,TRUE,"hyper"
"cg13687797","chr11",75063578,"ARRB1","promoter","S_Shore",0.438,0.682,-0.245,-1.467,-11.313,1.13e-06,0.00745,TRUE,"hypo"
"cg26358796","chr2",20423245,"SDC1","body","Island",0.074,0.279,-0.205,-2.314,-11.291,1.15e-06,0.00745,TRUE,"hypo"
"cg08722865","chr3",42109139,"","intergenic","OpenSea",0.658,0.437,0.221,1.31,11.255,1.18e-06,0.00745,TRUE,"hyper"
"cg14296903","chr19",11494347,"EPOR","body","Island",0.298,0.556,-0.258,-1.57,-11.245,1.19e-06,0.00745,TRUE,"hypo"
"cg21286419","chr5",37836667,"GDNF","promoter","S_Shore",0.326,0.598,-0.272,-1.632,-11.218,1.21e-06,0.00745,TRUE,"hypo"
"cg19044579","chr13",25688740,"","intergenic","OpenSea",0.23,0.431,-0.2,-1.337,-11.227,1.21e-06,0.00745,TRUE,"hypo"
"cg00625783","chr17",43222106,"","intergenic","Island",0.28,0.593,-0.313,-1.926,-11.227,1.21e-06,0.00745,TRUE,"hypo"
"cg17148876","chr12",95730175,"","intergenic","OpenSea",0.313,0.548,-0.235,-1.418,-11.195,1.24e-06,0.00751,TRUE,"hypo"
"cg05840412","chr13",49145436,"","intergenic","OpenSea",0.319,0.558,-0.239,-1.436,-11.113,1.32e-06,0.00759,TRUE,"hypo"
"cg24502391","chr8",70404780,"SULF1","promoter","OpenSea",0.329,0.64,-0.311,-1.872,-11.081,1.35e-06,0.00766,TRUE,"hypo"
"cg12356730","chr7",151433246,"PRKAG2","promoter","OpenSea",0.363,0.619,-0.255,-1.513,-10.978,1.46e-06,0.00777,TRUE,"hypo"
"cg09159285","chr1",6664134,"KLHL21","promoter","S_Shore",0.31,0.57,-0.26,-1.569,-10.892,1.56e-06,0.0078,TRUE,"hypo"
"cg07387627","chr18",56737535,"","intergenic","OpenSea",0.319,0.538,-0.22,-1.324,-10.881,1.58e-06,0.0078,TRUE,"hypo"
"cg08665853","chr5",141348202,"RNF14","promoter","N_Shore",0.192,0.4,-0.209,-1.503,-10.862,1.6e-06,0.00782,TRUE,"hypo"
"cg03596034","chr17",29297437,"RNF135","promoter","N_Shore",0.368,0.705,-0.337,-2.052,-10.831,1.64e-06,0.00792,TRUE,"hypo"
"cg26585091","chr20",39312462,"","intergenic","S_Shore",0.336,0.556,-0.22,-1.31,-10.778,1.71e-06,0.00805,TRUE,"hypo"
"cg24718533","chr2",20551519,"PUM2","promoter","S_Shore",0.22,0.423,-0.203,-1.386,-10.708,1.81e-06,0.00827,TRUE,"hypo"
"cg03059991","chr12",54144785,"","intergenic","Island",0.199,0.519,-0.32,-2.146,-10.706,1.81e-06,0.00827,TRUE,"hypo"
"cg16532282","chr1",226271799,"","intergenic","Island",0.19,0.505,-0.315,-2.145,-10.683,1.84e-06,0.00831,TRUE,"hypo"
"cg10028227","chr11",64059307,"KCNK4","promoter","Island",0.137,0.341,-0.204,-1.714,-10.649,1.89e-06,0.00831,TRUE,"hypo"
"cg22801992","chr3",128210000,"GATA2","promoter","Island",0.194,0.452,-0.258,-1.797,-10.633,1.92e-06,0.00831,TRUE,"hypo"
"cg00835825","chr16",85608058,"","intergenic","OpenSea",0.369,0.597,-0.229,-1.351,-10.632,1.92e-06,0.00831,TRUE,"hypo"
"cg16439948","chr5",111093945,"C5orf13","promoter","Island",0.197,0.481,-0.284,-1.934,-10.606,1.96e-06,0.00831,TRUE,"hypo"
"cg20322447","chr2",24347113,"FAM228B;PFN4","promoter","S_Shore",0.317,0.541,-0.223,-1.347,-10.603,1.97e-06,0.00831,TRUE,"hypo"
"cg13215995","chr17",43222258,"","intergenic","Island",0.481,0.714,-0.233,-1.433,-10.574,2.01e-06,0.00831,TRUE,"hypo"
"cg13980580","chr1",226249216,"H3F3A;H3F3AP4","promoter","N_Shore",0.169,0.388,-0.219,-1.651,-10.568,2.02e-06,0.00831,TRUE,"hypo"
"cg25702940","chr6",53606488,"","intergenic","OpenSea",0.352,0.617,-0.265,-1.574,-10.55,2.05e-06,0.00831,TRUE,"hypo"
"cg17154174","chr2",3707201,"ALLC","promoter","OpenSea",0.326,0.636,-0.31,-1.861,-10.507,2.12e-06,0.00831,TRUE,"hypo"
"cg06937717","chr7",151145554,"","intergenic","Island",0.172,0.502,-0.33,-2.32,-10.508,2.12e-06,0.00831,TRUE,"hypo"
"cg25991122","chr5",179246250,"SQSTM1","promoter","N_Shore",0.141,0.407,-0.266,-2.086,-10.48,2.17e-06,0.00831,TRUE,"hypo"
"cg07089892","chr4",184826314,"STOX2","promoter","Island",0.174,0.43,-0.256,-1.839,-10.472,2.18e-06,0.00831,TRUE,"hypo"
"cg26724857","chr1",231163393,"FAM89A","body","OpenSea",0.36,0.596,-0.236,-1.393,-10.466,2.19e-06,0.00831,TRUE,"hypo"
"cg08346735","chr4",184829966,"STOX2","body","S_Shore",0.727,0.478,0.249,1.557,10.468,2.19e-06,0.00831,TRUE,"hyper"
"cg04212842","chr14",50549167,"LINC01599","body","OpenSea",0.152,0.355,-0.204,-1.637,-10.415,2.29e-06,0.00835,TRUE,"hypo"
"cg07917901","chr14",35870184,"","intergenic","N_Shelf",0.174,0.381,-0.207,-1.555,-10.407,2.3e-06,0.00835,TRUE,"hypo"
"cg18290789","chr19",15590840,"PGLYRP2","promoter","OpenSea",0.181,0.389,-0.208,-1.544,-10.355,2.4e-06,0.00859,TRUE,"hypo"
"cg11130826","chr2",207083165,"GPR1;GPR1-AS","promoter","OpenSea",0.274,0.522,-0.247,-1.537,-10.349,2.41e-06,0.00859,TRUE,"hypo"
"cg06617528","chr6",44169681,"","intergenic","OpenSea",0.233,0.463,-0.229,-1.506,-10.349,2.41e-06,0.00859,TRUE,"hypo"
"cg09028976","chr5",81064992,"","intergenic","OpenSea",0.763,0.55,0.213,1.399,10.34,2.43e-06,0.00862,TRUE,"hyper"
"cg06071631","chr16",77246311,"SYCE1L","body","Island",0.126,0.344,-0.218,-1.874,-10.306,2.5e-06,0.00867,TRUE,"hypo"
"cg06254123","chr16",15743797,"NDE1","promoter","Island",0.114,0.371,-0.257,-2.23,-10.257,2.6e-06,0.00884,TRUE,"hypo"
"cg04503332","chr19",4976633,"KDM4B","promoter","OpenSea",0.276,0.505,-0.228,-1.425,-10.228,2.67e-06,0.00884,TRUE,"hypo"
"cg17361591","chr20",44048486,"PIGT","body","S_Shelf",0.672,0.462,0.211,1.263,10.224,2.67e-06,0.00884,TRUE,"hyper"
"cg27540823","chr10",50746589,"ERCC6","promoter","N_Shore",0.185,0.421,-0.236,-1.691,-10.224,2.68e-06,0.00884,TRUE,"hypo"
"cg25538415","chr17",43129957,"DCAKD","promoter","S_Shore",0.195,0.44,-0.245,-1.714,-10.218,2.69e-06,0.00884,TRUE,"hypo"
"cg21126487","chr14",37117706,"","intergenic","S_Shore",0.372,0.574,-0.203,-1.193,-10.204,2.72e-06,0.00886,TRUE,"hypo"
"cg05262335","chr6",159466062,"TAGAP","promoter","OpenSea",0.339,0.653,-0.314,-1.881,-10.2,2.73e-06,0.00886,TRUE,"hypo"
"cg24166450","chr17",74248466,"","intergenic","OpenSea",0.218,0.508,-0.29,-1.911,-10.185,2.76e-06,0.00887,TRUE,"hypo"
"cg08626382","chr11",62108591,"ASRGL1","body","S_Shelf",0.405,0.677,-0.272,-1.628,-10.169,2.8e-06,0.00887,TRUE,"hypo"
"cg19251564","chr6",166418922,"","intergenic","N_Shelf",0.226,0.44,-0.215,-1.441,-10.152,2.84e-06,0.00887,TRUE,"hypo"
"cg09164580","chr8",97157878,"GDF6","body","Island",0.411,0.622,-0.212,-1.247,-10.153,2.84e-06,0.00887,TRUE,"hypo"
"cg14337655","chr19",2282207,"C19orf35","promoter","S_Shelf",0.426,0.652,-0.225,-1.34,-10.128,2.9e-06,0.00887,TRUE,"hypo"
"cg07454793","chr4",15471977,"CC2D2A","promoter","OpenSea",0.306,0.548,-0.242,-1.466,-10.124,2.91e-06,0.00887,TRUE,"hypo"
"cg07061775","chr3",196466494,"PAK2","promoter","N_Shore",0.136,0.34,-0.204,-1.721,-10.11,2.94e-06,0.00887,TRUE,"hypo"
"cg13999415","chr5",81047848,"SSBP2","promoter","Island",0.19,0.453,-0.263,-1.841,-10.087,3e-06,0.00887,TRUE,"hypo"
"cg25490133","chr18",725716,"YES1","body","OpenSea",0.31,0.551,-0.241,-1.45,-10.041,3.12e-06,0.00897,TRUE,"hypo"
"cg24916677","chr5",71053512,"","intergenic","OpenSea",0.351,0.572,-0.221,-1.309,-10.016,3.18e-06,0.00897,TRUE,"hypo"
"cg24171640","chr20",8912895,"","intergenic","OpenSea",0.739,0.476,0.263,1.646,10.018,3.18e-06,0.00897,TRUE,"hyper"
"cg14870461","chr3",69062103,"C3orf64","promoter","N_Shore",0.507,0.743,-0.236,-1.49,-10.006,3.21e-06,0.00898,TRUE,"hypo"
"cg17524017","chr8",70404846,"SULF1","promoter","OpenSea",0.364,0.724,-0.36,-2.218,-9.986,3.26e-06,0.00898,TRUE,"hypo"
"cg15536947","chr17",65471303,"PITPNC1","body","OpenSea",0.165,0.518,-0.353,-2.492,-9.981,3.28e-06,0.00898,TRUE,"hypo"
"cg15217044","chr6",159466054,"TAGAP","promoter","OpenSea",0.226,0.516,-0.29,-1.882,-9.971,3.3e-06,0.00898,TRUE,"hypo"
"cg17372941","chr17",43222115,"","intergenic","Island",0.296,0.557,-0.262,-1.593,-9.95,3.37e-06,0.00906,TRUE,"hypo"
"cg08886020","chr16",1080388,"","intergenic","Island",0.426,0.712,-0.286,-1.747,-9.945,3.38e-06,0.00906,TRUE,"hypo"
"cg17607298","chr13",112727981,"","intergenic","Island",0.304,0.506,-0.202,-1.238,-9.929,3.43e-06,0.00913,TRUE,"hypo"
"cg07242635","chr7",106527884,"PIK3CG","body","OpenSea",0.209,0.446,-0.237,-1.618,-9.913,3.47e-06,0.00913,TRUE,"hypo"
"cg18220786","chr14",97446280,"","intergenic","OpenSea",0.393,0.626,-0.233,-1.372,-9.89,3.54e-06,0.00923,TRUE,"hypo"
"cg05296818","chr14",61117162,"SIX1","promoter","S_Shore",0.243,0.486,-0.243,-1.568,-9.888,3.55e-06,0.00923,TRUE,"hypo"
"cg11324379","chr19",31676224,"","intergenic","OpenSea",0.477,0.698,-0.221,-1.341,-9.874,3.59e-06,0.0093,TRUE,"hypo"
"cg14485744","chr8",119086710,"EXT1","body","OpenSea",0.322,0.585,-0.263,-1.585,-9.87,3.6e-06,0.0093,TRUE,"hypo"
"cg23213770","chr13",111863159,"ARHGEF7","promoter","OpenSea",0.409,0.181,0.228,1.651,9.809,3.8e-06,0.00937,TRUE,"hyper"
"cg21545008","chr16",807718,"","intergenic","OpenSea",0.25,0.466,-0.216,-1.396,-9.802,3.82e-06,0.00937,TRUE,"hypo"
"cg20474564","chr1",7913890,"UTS2","promoter","OpenSea",0.375,0.635,-0.261,-1.545,-9.79,3.86e-06,0.00942,TRUE,"hypo"
"cg05924583","chr1",3569624,"TP73","promoter","Island",0.088,0.32,-0.232,-2.305,-9.784,3.88e-06,0.00942,TRUE,"hypo"
"cg22171758","chr12",54146133,"","intergenic","S_Shore",0.284,0.515,-0.231,-1.428,-9.778,3.9e-06,0.00944,TRUE,"hypo"
"cg04933208","chr1",29586414,"PTPRU","body","Island",0.115,0.352,-0.237,-2.079,-9.749,3.99e-06,0.00945,TRUE,"hypo"
"cg07979591","chr3",57008965,"ARHGEF3","body","OpenSea",0.352,0.588,-0.236,-1.403,-9.75,3.99e-06,0.00945,TRUE,"hypo"
"cg24536399","chr6",55659527,"BMP5","body","OpenSea",0.488,0.266,0.222,1.399,9.751,3.99e-06,0.00945,TRUE,"hyper"
"cg08529134","chr7",75505977,"","intergenic","N_Shelf",0.298,0.517,-0.219,-1.339,-9.747,4e-06,0.00945,TRUE,"hypo"
"cg16070743","chr4",178364207,"AGA","promoter","S_Shore",0.436,0.643,-0.208,-1.229,-9.73,4.06e-06,0.00945,TRUE,"hypo"
"cg10375559","chr13",60026399,"","intergenic","OpenSea",0.2,0.486,-0.286,-1.93,-9.729,4.06e-06,0.00945,TRUE,"hypo"
"cg19450479","chr3",5018817,"","intergenic","N_Shore",0.221,0.51,-0.29,-1.907,-9.722,4.09e-06,0.00945,TRUE,"hypo"
"cg27366261","chr1",157980837,"KIRREL","body","OpenSea",0.57,0.344,0.226,1.343,9.715,4.11e-06,0.00945,TRUE,"hyper"
"cg25691927","chr17",80571664,"","intergenic","Island",0.325,0.584,-0.259,-1.554,-9.691,4.2e-06,0.00946,TRUE,"hypo"
"cg25965586","chr2",28660562,"","intergenic","OpenSea",0.298,0.507,-0.208,-1.28,-9.668,4.29e-06,0.00957,TRUE,"hypo"
"cg22039909","chr1",3635100,"TP73","body","Island",0.365,0.6,-0.235,-1.393,-9.62,4.47e-06,0.0097,TRUE,"hypo"
"cg10995640","chr8",70404928,"SULF1","promoter","OpenSea",0.21,0.474,-0.264,-1.775,-9.616,4.48e-06,0.0097,TRUE,"hypo"
"cg10585486","chr19",41304133,"EGLN2","promoter","N_Shore",0.322,0.557,-0.235,-1.415,-9.609,4.51e-06,0.0097,TRUE,"hypo"
"cg25588389","chr7",2654420,"","intergenic","OpenSea",0.131,0.373,-0.242,-1.983,-9.556,4.73e-06,0.00985,TRUE,"hypo"
"cg10229594","chr7",5277188,"","intergenic","OpenSea",0.233,0.483,-0.249,-1.634,-9.549,4.75e-06,0.00985,TRUE,"hypo"
"cg24501073","chr11",34210305,"ABTB2","body","OpenSea",0.36,0.574,-0.215,-1.268,-9.55,4.75e-06,0.00985,TRUE,"hypo"
"cg02536026","chr11",75063569,"ARRB1","promoter","S_Shore",0.393,0.639,-0.246,-1.461,-9.544,4.77e-06,0.00985,TRUE,"hypo"
"cg19371224","chr17",1251190,"YWHAE","body","OpenSea",0.506,0.734,-0.228,-1.428,-9.543,4.78e-06,0.00985,TRUE,"hypo"
"cg26489994","chr4",89080191,"ABCG2","promoter","Island",0.174,0.487,-0.314,-2.207,-9.524,4.86e-06,0.00992,TRUE,"hypo"
"cg19301963","chr3",128209636,"GATA2;GATA2-AS1","promoter","Island",0.315,0.544,-0.229,-1.38,-9.51,4.92e-06,0.01,TRUE,"hypo"
"cg05423800","chr17",38689483,"","intergenic","OpenSea",0.243,0.471,-0.228,-1.486,-9.503,4.95e-06,0.01,TRUE,"hypo"
"cg12967723","chr7",100464145,"SLC12A9;TRIP6","promoter","Island",0.173,0.397,-0.224,-1.675,-9.496,4.98e-06,0.01,TRUE,"hypo"
"cg00747944","chr16",54972845,"","intergenic","Island",0.239,0.477,-0.238,-1.547,-9.497,4.98e-06,0.01,TRUE,"hypo"
"cg17822177","chr2",145115684,"","intergenic","OpenSea",0.556,0.313,0.243,1.465,9.488,5.01e-06,0.01,TRUE,"hyper"
"cg10700718","chr8",1992719,"MYOM2","promoter","OpenSea",0.267,0.551,-0.284,-1.777,-9.486,5.02e-06,0.01,TRUE,"hypo"
"cg11198589","chr1",33721369,"ZNF362","promoter","N_Shore",0.226,0.426,-0.2,-1.355,-9.478,5.06e-06,0.01,TRUE,"hypo"
"cg25082160","chr2",231035718,"SP110","body","OpenSea",0.265,0.48,-0.215,-1.359,-9.441,5.23e-06,0.0102,TRUE,"hypo"
"cg26640276","chr3",118220487,"","intergenic","OpenSea",0.425,0.675,-0.249,-1.499,-9.433,5.26e-06,0.0102,TRUE,"hypo"
"cg22649983","chr10",36110178,"","intergenic","OpenSea",0.169,0.373,-0.204,-1.565,-9.414,5.35e-06,0.0103,TRUE,"hypo"
"cg21235953","chr2",65867613,"","intergenic","OpenSea",0.16,0.39,-0.23,-1.766,-9.381,5.51e-06,0.0103,TRUE,"hypo"
"cg14145052","chr12",58262583,"","intergenic","S_Shelf",0.291,0.518,-0.227,-1.397,-9.372,5.56e-06,0.0103,TRUE,"hypo"
"cg14384774","chr11",76777005,"CAPN5","promoter","N_Shore",0.301,0.555,-0.254,-1.548,-9.364,5.59e-06,0.0103,TRUE,"hypo"
"cg15680624","chr2",219858132,"CRYBA2","promoter","Island",0.431,0.697,-0.266,-1.62,-9.359,5.62e-06,0.0103,TRUE,"hypo"
"cg16731157","chr1",24830054,"RCAN3","promoter","S_Shore",0.137,0.346,-0.209,-1.757,-9.348,5.68e-06,0.0103,TRUE,"hypo"
"cg26528744","chr10",75240045,"PPP3CB","promoter","OpenSea",0.679,0.469,0.211,1.274,9.31,5.87e-06,0.0104,TRUE,"hyper"
"cg03681341","chr6",100037448,"","intergenic","Island",0.076,0.315,-0.238,-2.52,-9.251,6.19e-06,0.0107,TRUE,"hypo"
"cg13694867","chr21",38072100,"SIM2","promoter","Island",0.081,0.314,-0.233,-2.444,-9.237,6.27e-06,0.0108,TRUE,"hypo"
"cg06740296","chr1",205561401,"MFSD4","body","Island",0.23,0.449,-0.218,-1.453,-9.223,6.35e-06,0.0108,TRUE,"hypo"
"cg22900415","chr13",20736075,"GJA3","promoter","Island",0.259,0.568,-0.309,-1.94,-9.208,6.43e-06,0.0108,TRUE,"hypo"
"cg05633523","chr15",102156835,"","intergenic","OpenSea",0.138,0.449,-0.311,-2.369,-9.204,6.46e-06,0.0108,TRUE,"hypo"
"cg11039476","chr2",127978579,"","intergenic","S_Shore",0.397,0.69,-0.293,-1.771,-9.2,6.48e-06,0.0108,TRUE,"hypo"
"cg17284531","chr19",6773074,"VAV1","body","OpenSea",0.27,0.542,-0.272,-1.7,-9.196,6.51e-06,0.0108,TRUE,"hypo"
"cg01756899","chr16",1070137,"","intergenic","Island",0.385,0.681,-0.296,-1.788,-9.187,6.56e-06,0.0108,TRUE,"hypo"
"cg14766620","chr3",5018860,"","intergenic","N_Shore",0.355,0.6,-0.245,-1.461,-9.185,6.57e-06,0.0108,TRUE,"hypo"
"cg12974006","chr8",117664615,"EIF3H","body","OpenSea",0.307,0.513,-0.206,-1.254,-9.16,6.73e-06,0.0109,TRUE,"hypo"
"cg05715245","chr8",110294334,"NUDCD1","body","OpenSea",0.474,0.674,-0.2,-1.197,-9.128,6.92e-06,0.011,TRUE,"hypo"
"cg17253319","chr2",136743711,"DARS;DARS-AS1","promoter","S_Shore",0.442,0.735,-0.293,-1.836,-9.127,6.93e-06,0.011,TRUE,"hypo"
"cg00004883","chr16",75148460,"LDHD","body","Island",0.495,0.733,-0.239,-1.505,-9.127,6.93e-06,0.011,TRUE,"hypo"
"cg04822405","chr16",68002985,"SLC12A4","promoter","Island",0.231,0.486,-0.255,-1.661,-9.099,7.1e-06,0.0111,TRUE,"hypo"
"cg00643662","chr13",20988729,"CRYL1","body","N_Shore",0.242,0.452,-0.21,-1.374,-9.095,7.13e-06,0.0112,TRUE,"hypo"
"cg10046115","chr2",73404209,"","intergenic","Island",0.185,0.405,-0.22,-1.605,-9.09,7.17e-06,0.0112,TRUE,"hypo"
"cg10804344","chr2",4004633,"","intergenic","OpenSea",0.284,0.522,-0.238,-1.476,-9.085,7.2e-06,0.0112,TRUE,"hypo"
"cg13391638","chr7",112430772,"TMEM168","promoter","S_Shore",0.145,0.413,-0.268,-2.088,-9.044,7.47e-06,0.0113,TRUE,"hypo"
"cg13288621","chr8",131662148,"","intergenic","OpenSea",0.697,0.465,0.232,1.41,9.026,7.6e-06,0.0113,TRUE,"hyper"
"cg03129014","chr13",20736156,"GJA3","promoter","Island",0.222,0.492,-0.271,-1.791,-9.019,7.65e-06,0.0114,TRUE,"hypo"
"cg09427998","chr4",13530470,"","intergenic","N_Shore",0.19,0.453,-0.263,-1.852,-9.01,7.71e-06,0.0114,TRUE,"hypo"
"cg11409900","chr12",76426289,"PHLDA1","promoter","Island",0.314,0.649,-0.335,-2.041,-9.003,7.76e-06,0.0114,TRUE,"hypo"
"cg04138112","chr1",167090618,"DUSP27","body","Island",0.279,0.585,-0.306,-1.894,-8.976,7.96e-06,0.0116,TRUE,"hypo"
"cg19390582","chr19",16740428,"MED26","promoter","S_Shore",0.198,0.414,-0.216,-1.531,-8.969,8e-06,0.0116,TRUE,"hypo"
"cg03247247","chr12",96635810,"ELK3","body","OpenSea",0.597,0.313,0.284,1.71,8.957,8.09e-06,0.0116,TRUE,"hyper"
"cg15507690","chr3",176919597,"","intergenic","S_Shelf",0.291,0.494,-0.203,-1.247,-8.955,8.11e-06,0.0116,TRUE,"hypo"
"cg15545247","chr12",123201372,"GPR109B","promoter","OpenSea",0.321,0.593,-0.272,-1.634,-8.943,8.2e-06,0.0116,TRUE,"hypo"
"cg23733123","chr10",99472988,"MARVELD1","promoter","N_Shore",0.376,0.627,-0.251,-1.491,-8.942,8.21e-06,0.0116,TRUE,"hypo"
"cg13117720","chr9",134273801,"","intergenic","S_Shelf",0.359,0.592,-0.233,-1.377,-8.937,8.25e-06,0.0116,TRUE,"hypo"
"cg06277849","chr4",186316674,"ANKRD37","promoter","N_Shore",0.176,0.453,-0.277,-1.981,-8.924,8.34e-06,0.0117,TRUE,"hypo"
"cg09916020","chr7",1546760,"","intergenic","S_Shelf",0.218,0.42,-0.202,-1.386,-8.923,8.36e-06,0.0117,TRUE,"hypo"
"cg12737152","chr11",129565909,"","intergenic","OpenSea",0.367,0.572,-0.205,-1.215,-8.913,8.43e-06,0.0117,TRUE,"hypo"
"cg24310434","chr4",82964312,"","intergenic","N_Shore",0.155,0.376,-0.221,-1.744,-8.889,8.63e-06,0.0118,TRUE,"hypo"
"cg19345417","chr4",184931631,"STOX2","body","OpenSea",0.722,0.509,0.213,1.337,8.887,8.64e-06,0.0118,TRUE,"hyper"
"cg26444951","chr4",13530269,"","intergenic","N_Shore",0.355,0.659,-0.304,-1.825,-8.882,8.68e-06,0.0118,TRUE,"hypo"
"cg19970014","chr17",63216427,"RGS9","body","OpenSea",0.512,0.27,0.242,1.509,8.872,8.76e-06,0.0119,TRUE,"hyper"
"cg00342068","chr12",27745800,"PPFIBP1","promoter","OpenSea",0.759,0.549,0.211,1.385,8.867,8.8e-06,0.0119,TRUE,"hyper"
"cg15909631","chr7",132500699,"CHCHD3","body","OpenSea",0.549,0.297,0.252,1.534,8.862,8.84e-06,0.0119,TRUE,"hyper"
"cg17080893","chr8",82192535,"FABP5","promoter","Island",0.142,0.382,-0.239,-1.868,-8.858,8.88e-06,0.0119,TRUE,"hypo"
"cg11226808","chr1",3581320,"TP73","promoter","OpenSea",0.3,0.535,-0.234,-1.427,-8.806,9.32e-06,0.0122,TRUE,"hypo"
"cg05214685","chr2",223177493,"","intergenic","Island",0.416,0.642,-0.226,-1.339,-8.801,9.36e-06,0.0122,TRUE,"hypo"
"cg24154161","chr6",32820421,"TAP1","body","N_Shore",0.26,0.498,-0.238,-1.515,-8.792,9.44e-06,0.0122,TRUE,"hypo"
"cg00154107","chr7",8010695,"GLCCI1","body","S_Shore",0.302,0.582,-0.281,-1.714,-8.79,9.46e-06,0.0122,TRUE,"hypo"
"cg08073060","chr17",74836042,"","intergenic","OpenSea",0.298,0.555,-0.257,-1.573,-8.786,9.49e-06,0.0122,TRUE,"hypo"
"cg00945462","chr11",27385255,"CCDC34","promoter","S_Shore",0.397,0.613,-0.216,-1.266,-8.781,9.54e-06,0.0122,TRUE,"hypo"
"cg22033073","chr16",21608218,"METTL9;LOC101927814","promoter","N_Shelf",0.716,0.493,0.223,1.382,8.774,9.6e-06,0.0122,TRUE,"hyper"
"cg22443212","chr17",78253912,"RNF213","body","OpenSea",0.195,0.408,-0.212,-1.522,-8.762,9.71e-06,0.0122,TRUE,"hypo"
"cg08693989","chr18",43571271,"PSTPIP2","body","OpenSea",0.488,0.692,-0.203,-1.24,-8.715,1.02e-05,0.0126,TRUE,"hypo"
"cg18759190","chr1",206808250,"DYRK3","promoter","N_Shore",0.291,0.529,-0.238,-1.464,-8.696,1.03e-05,0.0127,TRUE,"hypo"
"cg05143735","chr2",127978490,"","intergenic","S_Shore",0.289,0.562,-0.273,-1.675,-8.7,1.03e-05,0.0127,TRUE,"hypo"
"cg02042710","chr12",62586892,"FAM19A2","promoter","S_Shore",0.25,0.481,-0.231,-1.479,-8.686,1.04e-05,0.0127,TRUE,"hypo"
"cg10819238","chr19",1155184,"SBNO2","promoter","Island",0.095,0.304,-0.208,-2.095,-8.69,1.04e-05,0.0127,TRUE,"hypo"
"cg17614974","chr3",44039919,"","intergenic","Island",0.309,0.599,-0.29,-1.761,-8.672,1.06e-05,0.0128,TRUE,"hypo"
"cg12219082","chr3",68981854,"FAM19A4","promoter","Island",0.166,0.444,-0.278,-2.04,-8.666,1.06e-05,0.0128,TRUE,"hypo"
"cg01306688","chr12",123215301,"GPR81","promoter","OpenSea",0.358,0.639,-0.281,-1.683,-8.658,1.07e-05,0.0128,TRUE,"hypo"
"cg07361747","chr1",10516255,"","intergenic","OpenSea",0.35,0.585,-0.235,-1.387,-8.646,1.08e-05,0.0129,TRUE,"hypo"
"cg15575936","chr9",79010086,"RFK","promoter","S_Shore",0.358,0.624,-0.266,-1.59,-8.643,1.09e-05,0.0129,TRUE,"hypo"
"cg25151688","chr15",66585534,"DIS3L","promoter","N_Shore",0.335,0.632,-0.296,-1.778,-8.644,1.09e-05,0.0129,TRUE,"hypo"
"cg08924430","chr4",106067052,"TET2","promoter","N_Shore",0.43,0.657,-0.227,-1.35,-8.634,1.1e-05,0.0129,TRUE,"hypo"
"cg09037712","chr21",38362754,"HLCS","promoter","Island",0.354,0.56,-0.205,-1.219,-8.633,1.1e-05,0.0129,TRUE,"hypo"
"cg21109279","chr20",59945887,"CDH4","body","OpenSea",0.297,0.558,-0.26,-1.595,-8.622,1.11e-05,0.013,TRUE,"hypo"
"cg12607120","chr2",122515888,"TSN","body","S_Shelf",0.238,0.443,-0.206,-1.363,-8.615,1.12e-05,0.013,TRUE,"hypo"
"cg24185357","chr10",38069909,"","intergenic","Island",0.562,0.33,0.232,1.389,8.613,1.12e-05,0.013,TRUE,"hyper"
"cg13185188","chr14",100680334,"","intergenic","Island",0.441,0.656,-0.215,-1.287,-8.594,1.14e-05,0.0131,TRUE,"hypo"
"cg17791651","chr1",38513489,"POU3F1","promoter","Island",0.16,0.372,-0.212,-1.663,-8.574,1.16e-05,0.0131,TRUE,"hypo"
"cg19691778","chr8",97157756,"GDF6","body","Island",0.326,0.53,-0.204,-1.233,-8.575,1.16e-05,0.0131,TRUE,"hypo"
"cg00410483","chr14",23307785,"MMP14","body","S_Shore",0.341,0.549,-0.208,-1.245,-8.578,1.16e-05,0.0131,TRUE,"hypo"
"cg11330406","chr20",1550119,"SIRPB1","body","OpenSea",0.442,0.675,-0.234,-1.405,-8.572,1.16e-05,0.0131,TRUE,"hypo"
"cg23743252","chr5",141348279,"RNF14","promoter","N_Shore",0.194,0.406,-0.212,-1.52,-8.565,1.17e-05,0.0131,TRUE,"hypo"
"cg07867517","chr16",75520165,"CHST6","promoter","OpenSea",0.309,0.591,-0.282,-1.706,-8.563,1.17e-05,0.0131,TRUE,"hypo"
"cg00448560","chr16",49525727,"ZNF423","body","N_Shore",0.215,0.478,-0.264,-1.779,-8.554,1.18e-05,0.0131,TRUE,"hypo"
"cg09164611","chr8",104405804,"","intergenic","OpenSea",0.333,0.549,-0.215,-1.286,-8.549,1.19e-05,0.0131,TRUE,"hypo"
"cg25737218","chr19",944415,"ARID3A","body","S_Shore",0.349,0.555,-0.207,-1.233,-8.544,1.19e-05,0.0131,TRUE,"hypo"
"cg05131075","chr21",27162984,"","intergenic","OpenSea",0.105,0.343,-0.238,-2.195,-8.547,1.19e-05,0.0131,TRUE,"hypo"
"cg11549094","chr8",70404850,"SULF1","promoter","OpenSea",0.385,0.644,-0.259,-1.541,-8.535,1.2e-05,0.0132,TRUE,"hypo"
"cg00330059","chr4",183637135,"ODZ3","body","OpenSea",0.305,0.509,-0.204,-1.245,-8.534,1.21e-05,0.0132,TRUE,"hypo"
"cg17741809","chr10",90985055,"LIPA","body","OpenSea",0.145,0.354,-0.209,-1.715,-8.531,1.21e-05,0.0132,TRUE,"hypo"
"cg27585914","chr7",134475235,"CALD1","promoter","OpenSea",0.214,0.42,-0.206,-1.422,-8.503,1.24e-05,0.0133,TRUE,"hypo"
"cg00568303","chr1",6663886,"KLHL21","promoter","S_Shore",0.236,0.465,-0.229,-1.506,-8.492,1.26e-05,0.0134,TRUE,"hypo"
"cg10657823","chr9",140197553,"NRARP","promoter","S_Shore",0.264,0.467,-0.202,-1.289,-8.486,1.26e-05,0.0134,TRUE,"hypo"
"cg04994795","chr1",8404050,"SLC45A1","body","Island",0.406,0.618,-0.211,-1.253,-8.476,1.28e-05,0.0134,TRUE,"hypo"
"cg10753443","chr2",219745020,"WNT10A","promoter","Island",0.553,0.766,-0.213,-1.418,-8.455,1.3e-05,0.0135,TRUE,"hypo"
"cg25903497","chr2",219157103,"PNKD;TMBIM1","promoter","Island",0.099,0.325,-0.226,-2.188,-8.45,1.31e-05,0.0135,TRUE,"hypo"
"cg04300151","chr10",65226360,"JMJD1C","promoter","S_Shore",0.18,0.409,-0.229,-1.677,-8.448,1.31e-05,0.0135,TRUE,"hypo"
"cg15756507","chr17",65471461,"PITPNC1","body","OpenSea",0.158,0.443,-0.285,-2.134,-8.448,1.31e-05,0.0135,TRUE,"hypo"
"cg24713529","chr22",50965126,"TYMP;SCO2","promoter","Island",0.366,0.611,-0.245,-1.459,-8.451,1.31e-05,0.0135,TRUE,"hypo"
"cg12709372","chr10",130828654,"","intergenic","OpenSea",0.183,0.394,-0.211,-1.559,-8.444,1.32e-05,0.0135,TRUE,"hypo"
"cg23919433","chr17",79830196,"ARHGDIA","promoter","S_Shore",0.265,0.525,-0.26,-1.636,-8.431,1.33e-05,0.0135,TRUE,"hypo"
"cg13534503","chr9",139535765,"","intergenic","OpenSea",0.31,0.561,-0.251,-1.523,-8.425,1.34e-05,0.0135,TRUE,"hypo"
"cg03206427","chr8",129336798,"","intergenic","OpenSea",0.611,0.402,0.21,1.237,8.418,1.35e-05,0.0136,TRUE,"hyper"
"cg22882393","chr4",174449666,"HAND2","body","S_Shore",0.315,0.544,-0.229,-1.386,-8.409,1.36e-05,0.0136,TRUE,"hypo"
"cg15198098","chr7",7721085,"RPA3;UMAD1","promoter","OpenSea",0.387,0.596,-0.208,-1.223,-8.401,1.37e-05,0.0136,TRUE,"hypo"
"cg19233829","chr7",1781918,"ELFN1-AS1;ELFN1","promoter","N_Shelf",0.263,0.521,-0.258,-1.629,-8.366,1.42e-05,0.0138,TRUE,"hypo"
"cg09013060","chr9",99337168,"CDC14B","body","OpenSea",0.18,0.427,-0.247,-1.785,-8.362,1.42e-05,0.0139,TRUE,"hypo"
"cg10467021","chr20",45981590,"ZMYND8","promoter","OpenSea",0.45,0.672,-0.222,-1.341,-8.368,1.42e-05,0.0138,TRUE,"hypo"
"cg12120406","chr17",25822056,"KSR1","promoter","OpenSea",0.478,0.689,-0.211,-1.277,-8.36,1.43e-05,0.0139,TRUE,"hypo"
"cg10397932","chr1",2166155,"SKI","body","OpenSea",0.221,0.424,-0.203,-1.391,-8.353,1.44e-05,0.014,TRUE,"hypo"
"cg02577651","chr3",51976427,"PARP3;RRP9","promoter","Island",0.073,0.273,-0.201,-2.333,-8.339,1.46e-05,0.014,TRUE,"hypo"
"cg06846310","chr4",184826215,"STOX2","promoter","N_Shore",0.476,0.72,-0.244,-1.51,-8.337,1.46e-05,0.014,TRUE,"hypo"
"cg05194726","chr12",2944480,"NRIP2","promoter","OpenSea",0.28,0.491,-0.211,-1.325,-8.335,1.46e-05,0.014,TRUE,"hypo"
"cg03220455","chr17",74582984,"ST6GALNAC2","promoter","S_Shore",0.425,0.66,-0.235,-1.401,-8.328,1.47e-05,0.014,TRUE,"hypo"
"cg21249138","chr12",125179587,"","intergenic","OpenSea",0.229,0.445,-0.216,-1.454,-8.325,1.48e-05,0.014,TRUE,"hypo"
"cg11778001","chr2",191512851,"NAB1","promoter","N_Shore",0.341,0.582,-0.24,-1.434,-8.315,1.49e-05,0.0141,TRUE,"hypo"
"cg17569543","chr22",41418944,"","intergenic","S_Shore",0.297,0.541,-0.244,-1.501,-8.319,1.49e-05,0.014,TRUE,"hypo"
"cg05199226","chr20",49308700,"FAM65C","promoter","OpenSea",0.41,0.658,-0.248,-1.479,-8.309,1.5e-05,0.0141,TRUE,"hypo"
"cg23929036","chr1",114605704,"","intergenic","OpenSea",0.227,0.492,-0.266,-1.754,-8.305,1.51e-05,0.0141,TRUE,"hypo"
"cg15785534","chr10",126504129,"FAM175B","body","OpenSea",0.414,0.616,-0.202,-1.189,-8.305,1.51e-05,0.0141,TRUE,"hypo"
"cg08160706","chr16",11876111,"ZC3H7A","body","OpenSea",0.364,0.655,-0.292,-1.751,-8.301,1.51e-05,0.0141,TRUE,"hypo"
"cg05644480","chr19",45418020,"APOC1","promoter","OpenSea",0.341,0.589,-0.248,-1.487,-8.288,1.53e-05,0.0141,TRUE,"hypo"
"cg11274314","chr2",242480504,"","intergenic","Island",0.371,0.615,-0.244,-1.452,-8.284,1.54e-05,0.0141,TRUE,"hypo"
"cg08940587","chr14",70179806,"SUSD6","body","OpenSea",0.389,0.617,-0.228,-1.343,-8.28,1.54e-05,0.0141,TRUE,"hypo"
"cg24389488","chr17",44849857,"WNT3","body","Island",0.449,0.667,-0.218,-1.312,-8.274,1.55e-05,0.0141,TRUE,"hypo"
"cg19214594","chr22",50629038,"TRABD","promoter","Island",0.496,0.724,-0.227,-1.406,-8.27,1.56e-05,0.0141,TRUE,"hypo"
"cg01617117","chr2",37384381,"EIF2AK2","promoter","Island",0.357,0.62,-0.263,-1.573,-8.261,1.57e-05,0.0141,TRUE,"hypo"
"cg13821785","chr7",2657347,"","intergenic","OpenSea",0.502,0.703,-0.201,-1.242,-8.26,1.57e-05,0.0141,TRUE,"hypo"
"cg08662619","chr6",150070041,"PCMT1","promoter","N_Shore",0.398,0.645,-0.247,-1.478,-8.26,1.58e-05,0.0141,TRUE,"hypo"
"cg19966787","chr16",61952162,"CDH8","body","OpenSea",0.279,0.571,-0.292,-1.802,-8.257,1.58e-05,0.0141,TRUE,"hypo"
"cg06766307","chr1",44399340,"ARTN","promoter","Island",0.49,0.724,-0.234,-1.455,-8.245,1.6e-05,0.0141,TRUE,"hypo"
"cg15229661","chr4",70666546,"","intergenic","OpenSea",0.514,0.298,0.216,1.319,8.242,1.6e-05,0.0141,TRUE,"hyper"
"cg23791996","chr10",74091419,"","intergenic","OpenSea",0.171,0.444,-0.273,-1.99,-8.244,1.6e-05,0.0141,TRUE,"hypo"
"cg11380483","chr2",127933992,"","intergenic","OpenSea",0.187,0.4,-0.214,-1.559,-8.213,1.65e-05,0.0142,TRUE,"hypo"
"cg23279522","chr2",66659348,"","intergenic","N_Shore",0.198,0.521,-0.323,-2.186,-8.202,1.67e-05,0.0143,TRUE,"hypo"
"cg25712005","chr7",73443113,"ELN","body","OpenSea",0.209,0.44,-0.231,-1.585,-8.198,1.67e-05,0.0143,TRUE,"hypo"
"cg20623052","chr11",65419955,"","intergenic","Island",0.254,0.455,-0.202,-1.313,-8.197,1.68e-05,0.0143,TRUE,"hypo"
"cg21870545","chr1",29213106,"EPB41","promoter","N_Shore",0.341,0.57,-0.228,-1.363,-8.158,1.74e-05,0.0145,TRUE,"hypo"
"cg06888746","chr10",105517764,"SH3PXD2A","body","OpenSea",0.285,0.618,-0.333,-2.044,-8.157,1.74e-05,0.0145,TRUE,"hypo"
"cg01824933","chr17",75539901,"","intergenic","OpenSea",0.534,0.736,-0.202,-1.289,-8.162,1.74e-05,0.0145,TRUE,"hypo"
"cg00129557","chr13",33607618,"KL","body","OpenSea",0.19,0.439,-0.249,-1.763,-8.147,1.76e-05,0.0145,TRUE,"hypo"
"cg16581085","chr16",85465628,"","intergenic","S_Shore",0.251,0.462,-0.211,-1.375,-8.146,1.76e-05,0.0145,TRUE,"hypo"
"cg04773818","chr8",31496966,"NRG1","promoter","Island",0.285,0.072,0.212,2.344,8.139,1.77e-05,0.0146,TRUE,"hyper"
"cg26577201","chr2",219857793,"CRYBA2","promoter","Island",0.321,0.615,-0.294,-1.782,-8.135,1.78e-05,0.0146,TRUE,"hypo"
"cg04522604","chr5",111093927,"C5orf13","promoter","Island",0.247,0.481,-0.234,-1.509,-8.135,1.78e-05,0.0146,TRUE,"hypo"
"cg01462856","chr13",108922745,"TNFSF13B","body","OpenSea",0.369,0.714,-0.346,-2.124,-8.132,1.79e-05,0.0146,TRUE,"hypo"
"cg22067988","chr6",41701566,"TFEB","promoter","N_Shore",0.237,0.452,-0.215,-1.427,-8.123,1.8e-05,0.0146,TRUE,"hypo"
"cg24036689","chr20",3475099,"ATRN","body","OpenSea",0.285,0.507,-0.221,-1.377,-8.126,1.8e-05,0.0146,TRUE,"hypo"
"cg11493223","chr17",76128522,"TMC8;TMC6","promoter","S_Shore",0.377,0.611,-0.234,-1.383,-8.118,1.81e-05,0.0146,TRUE,"hypo"
"cg18810342","chr3",5019075,"","intergenic","N_Shore",0.124,0.324,-0.2,-1.793,-8.114,1.82e-05,0.0146,TRUE,"hypo"
"cg19210302","chr3",45635099,"LIMD1","promoter","Island",0.144,0.474,-0.33,-2.506,-8.115,1.82e-05,0.0146,TRUE,"hypo"
"cg09122442","chr4",6894410,"","intergenic","OpenSea",0.381,0.615,-0.234,-1.385,-8.102,1.84e-05,0.0146,TRUE,"hypo"
"cg17236519","chr1",29566015,"PTPRU","body","S_Shore",0.245,0.46,-0.215,-1.404,-8.091,1.86e-05,0.0146,TRUE,"hypo"
"cg06011086","chr8",61823275,"","intergenic","S_Shore",0.408,0.656,-0.248,-1.483,-8.094,1.86e-05,0.0146,TRUE,"hypo"
"cg17255712","chr17",70116185,"SOX9","promoter","N_Shore",0.375,0.586,-0.211,-1.251,-8.093,1.86e-05,0.0146,TRUE,"hypo"
"cg00914028","chr7",127762091,"","intergenic","OpenSea",0.216,0.457,-0.242,-1.646,-8.083,1.88e-05,0.0146,TRUE,"hypo"
"cg26295808","chr8",61822816,"","intergenic","Island",0.302,0.571,-0.27,-1.649,-8.084,1.88e-05,0.0146,TRUE,"hypo"
"cg08553585","chr1",234791553,"LOC101927787","body","OpenSea",0.346,0.597,-0.251,-1.495,-8.076,1.89e-05,0.0147,TRUE,"hypo"
"cg16579893","chr1",24069514,"TCEB3","promoter","N_Shore",0.376,0.655,-0.279,-1.678,-8.065,1.91e-05,0.0147,TRUE,"hypo"
"cg18107232","chr13",95620997,"","intergenic","S_Shore",0.31,0.525,-0.215,-1.304,-8.056,1.93e-05,0.0148,TRUE,"hypo"
"cg02246692","chr1",153747542,"SLC27A3","promoter","N_Shore",0.4,0.629,-0.229,-1.359,-8.049,1.94e-05,0.0148,TRUE,"hypo"
"cg13032702","chr16",19124925,"ITPRIPL2","promoter","N_Shore",0.153,0.359,-0.206,-1.669,-8.044,1.95e-05,0.0148,TRUE,"hypo"
"cg15596932","chr17",41836563,"SOST","promoter","S_Shelf",0.271,0.505,-0.233,-1.469,-8.043,1.95e-05,0.0148,TRUE,"hypo"
"cg04822495","chr12",94676688,"PLXNC1","body","OpenSea",0.148,0.365,-0.216,-1.761,-8.04,1.96e-05,0.0148,TRUE,"hypo"
"cg20687152","chr10",33507026,"NRP1","body","OpenSea",0.723,0.471,0.252,1.56,8.037,1.97e-05,0.0148,TRUE,"hyper"
"cg02845735","chr3",71298545,"FOXP1","promoter","OpenSea",0.399,0.199,0.2,1.424,8.02,2e-05,0.015,TRUE,"hyper"
"cg06683734","chr22",37428975,"","intergenic","OpenSea",0.296,0.513,-0.217,-1.339,-8.022,2e-05,0.015,TRUE,"hypo"
"cg10439810","chr3",196527718,"PAK2","body","OpenSea",0.335,0.617,-0.282,-1.692,-8.014,2.01e-05,0.015,TRUE,"hypo"
"cg05830856","chr10",115786431,"","intergenic","OpenSea",0.543,0.339,0.204,1.222,8.006,2.03e-05,0.015,TRUE,"hyper"
"cg02659916","chr21",46461460,"","intergenic","OpenSea",0.178,0.422,-0.244,-1.788,-7.995,2.05e-05,0.015,TRUE,"hypo"
"cg25416479","chr6",84080564,"ME1","body","OpenSea",0.534,0.309,0.224,1.359,7.991,2.06e-05,0.015,TRUE,"hyper"
"cg05012403","chr7",129914948,"CPA2","body","OpenSea",0.228,0.473,-0.244,-1.619,-7.985,2.07e-05,0.015,TRUE,"hypo"
"cg27663938","chr12",103696381,"C12orf42","body","Island",0.534,0.264,0.27,1.714,7.974,2.1e-05,0.015,TRUE,"hyper"
"cg22843712","chr8",1992555,"MYOM2","promoter","OpenSea",0.375,0.69,-0.315,-1.91,-7.968,2.11e-05,0.015,TRUE,"hypo"
"cg00541476","chr8",70404716,"SULF1","promoter","OpenSea",0.349,0.653,-0.303,-1.827,-7.969,2.11e-05,0.015,TRUE,"hypo"
"cg18971175","chr11",129183160,"","intergenic","OpenSea",0.275,0.476,-0.201,-1.269,-7.964,2.12e-05,0.0151,TRUE,"hypo"
"cg14211108","chr20",825621,"FAM110A","promoter","Island",0.166,0.394,-0.228,-1.744,-7.964,2.12e-05,0.0151,TRUE,"hypo"
"cg04815049","chr21",33267395,"HUNK","body","OpenSea",0.582,0.342,0.24,1.432,7.964,2.12e-05,0.0151,TRUE,"hyper"
"cg13946949","chr12",94676369,"PLXNC1","body","OpenSea",0.38,0.613,-0.233,-1.378,-7.952,2.14e-05,0.0151,TRUE,"hypo"
"cg10364271","chr9",139247370,"GPSM1","promoter","OpenSea",0.196,0.437,-0.241,-1.694,-7.949,2.15e-05,0.0151,TRUE,"hypo"
"cg19232164","chr11",114320724,"REXO2","body","OpenSea",0.413,0.646,-0.232,-1.387,-7.949,2.15e-05,0.0151,TRUE,"hypo"
"cg19210176","chr8",6735628,"DEFB1","promoter","OpenSea",0.135,0.338,-0.204,-1.756,-7.937,2.17e-05,0.0151,TRUE,"hypo"
"cg14266423","chr13",106632013,"","intergenic","OpenSea",0.62,0.34,0.28,1.675,7.924,2.2e-05,0.0151,TRUE,"hyper"
"cg10427062","chr5",60728124,"ZSWIM6","body","OpenSea",0.306,0.551,-0.246,-1.489,-7.92,2.21e-05,0.0151,TRUE,"hypo"
"cg13209613","chr17",44849789,"WNT3","body","Island",0.268,0.514,-0.246,-1.551,-7.922,2.21e-05,0.0151,TRUE,"hypo"
"cg17514766","chr19",39826927,"GMFG","promoter","OpenSea",0.337,0.562,-0.225,-1.349,-7.92,2.21e-05,0.0151,TRUE,"hypo"
"cg22069718","chr7",34082205,"BMPER","body","OpenSea",0.663,0.447,0.216,1.291,7.913,2.23e-05,0.0152,TRUE,"hyper"
"cg09300185","chr12",42000079,"","intergenic","OpenSea",0.247,0.474,-0.227,-1.473,-7.909,2.24e-05,0.0152,TRUE,"hypo"
"cg24743426","chr8",70404859,"SULF1","promoter","OpenSea",0.462,0.752,-0.29,-1.832,-7.904,2.25e-05,0.0152,TRUE,"hypo"
"cg01681193","chr8",104132830,"","intergenic","OpenSea",0.284,0.523,-0.239,-1.481,-7.875,2.32e-05,0.0154,TRUE,"hypo"
"cg10948790","chr5",175200015,"","intergenic","N_Shore",0.135,0.408,-0.273,-2.199,-7.867,2.34e-05,0.0155,TRUE,"hypo"
"cg00184907","chr4",124426192,"","intergenic","N_Shore",0.394,0.613,-0.22,-1.297,-7.861,2.35e-05,0.0155,TRUE,"hypo"
"cg17198663","chr11",61716195,"BEST1","promoter","OpenSea",0.206,0.416,-0.211,-1.47,-7.863,2.35e-05,0.0155,TRUE,"hypo"
"cg15613048","chr1",21044031,"KIF17","promoter","Island",0.121,0.44,-0.319,-2.611,-7.853,2.37e-05,0.0156,TRUE,"hypo"
"cg04773990","chr6",32820410,"TAP1","body","N_Shore",0.256,0.465,-0.21,-1.349,-7.848,2.38e-05,0.0156,TRUE,"hypo"
"cg14180470","chr3",195809310,"TFRC","promoter","S_Shore",0.154,0.396,-0.242,-1.888,-7.843,2.4e-05,0.0157,TRUE,"hypo"
"cg06648794","chr2",19428801,"","intergenic","OpenSea",0.161,0.388,-0.227,-1.759,-7.832,2.42e-05,0.0157,TRUE,"hypo"
"cg04749074","chr10",75671296,"C10orf55;PLAU","promoter","Island",0.104,0.403,-0.299,-2.64,-7.831,2.43e-05,0.0157,TRUE,"hypo"
"cg20981127","chr19",17357587,"NR2F6","promoter","S_Shore",0.178,0.384,-0.206,-1.559,-7.83,2.43e-05,0.0157,TRUE,"hypo"
"cg04737150","chr2",161077747,"","intergenic","OpenSea",0.349,0.59,-0.241,-1.439,-7.826,2.44e-05,0.0157,TRUE,"hypo"
"cg14312114","chr17",80571580,"","intergenic","Island",0.277,0.539,-0.262,-1.632,-7.826,2.44e-05,0.0157,TRUE,"hypo"
"cg01437515","chr1",1148315,"TNFRSF4","body","N_Shore",0.613,0.824,-0.21,-1.559,-7.811,2.47e-05,0.0157,TRUE,"hypo"
"cg04010123","chr9",128023785,"GAPVD1","promoter","N_Shore",0.341,0.569,-0.228,-1.367,-7.812,2.47e-05,0.0157,TRUE,"hypo"
"cg24108464","chr4",101425395,"EMCN","body","OpenSea",0.606,0.331,0.275,1.655,7.8,2.5e-05,0.0158,TRUE,"hyper"
"cg16346844","chr12",109548766,"UNG","body","N_Shore",0.29,0.528,-0.238,-1.475,-7.801,2.5e-05,0.0158,TRUE,"hypo"
"cg09381178","chr4",106067367,"TET2","promoter","N_Shore",0.265,0.486,-0.221,-1.409,-7.795,2.52e-05,0.0158,TRUE,"hypo"
"cg25352924","chr7",2083583,"MAD1L1","body","OpenSea",0.325,0.526,-0.201,-1.21,-7.785,2.54e-05,0.0158,TRUE,"hypo"
"cg06542216","chr8",95962175,"TP53INP1","promoter","Island",0.419,0.648,-0.229,-1.356,-7.787,2.54e-05,0.0158,TRUE,"hypo"
"cg27200158","chr5",149111963,"MIR378A;PPARGC1B","promoter","S_Shore",0.343,0.566,-0.223,-1.335,-7.781,2.55e-05,0.0158,TRUE,"hypo"
"cg20207624","chr8",17347112,"","intergenic","OpenSea",0.277,0.489,-0.212,-1.334,-7.782,2.55e-05,0.0158,TRUE,"hypo"
"cg25876637","chr3",35680655,"ARPP21","promoter","Island",0.405,0.63,-0.224,-1.332,-7.776,2.57e-05,0.0158,TRUE,"hypo"
"cg19884658","chr1",6664268,"KLHL21","promoter","S_Shore",0.474,0.683,-0.21,-1.272,-7.766,2.59e-05,0.0158,TRUE,"hypo"
"cg24587216","chr16",81532750,"CMIP","body","OpenSea",0.383,0.613,-0.229,-1.363,-7.763,2.6e-05,0.0158,TRUE,"hypo"
"cg21603178","chr18",9774448,"RAB31","body","OpenSea",0.441,0.703,-0.262,-1.596,-7.764,2.6e-05,0.0158,TRUE,"hypo"
"cg12238593","chr6",26440340,"BTN3A3","promoter","OpenSea",0.172,0.425,-0.254,-1.882,-7.76,2.61e-05,0.0158,TRUE,"hypo"
"cg15163417","chr17",61119298,"TANC2;MIR548W","body","OpenSea",0.338,0.542,-0.204,-1.225,-7.759,2.61e-05,0.0158,TRUE,"hypo"
"cg19711007","chr1",57044824,"PPAP2B","promoter","Island",0.181,0.416,-0.235,-1.723,-7.747,2.65e-05,0.0158,TRUE,"hypo"
"cg13994842","chr7",151433414,"PRKAG2","promoter","OpenSea",0.201,0.406,-0.204,-1.461,-7.737,2.67e-05,0.0159,TRUE,"hypo"
"cg10800026","chr11",66783241,"","intergenic","OpenSea",0.152,0.352,-0.2,-1.632,-7.737,2.67e-05,0.0159,TRUE,"hypo"
"cg17519283","chr2",119504813,"","intergenic","OpenSea",0.178,0.428,-0.251,-1.831,-7.734,2.68e-05,0.0159,TRUE,"hypo"
"cg07078052","chr5",66498790,"","intergenic","OpenSea",0.406,0.61,-0.204,-1.203,-7.733,2.68e-05,0.0159,TRUE,"hypo"
"cg06521280","chr10",75671378,"C10orf55;PLAU","promoter","Island",0.373,0.586,-0.213,-1.263,-7.73,2.69e-05,0.0159,TRUE,"hypo"
"cg19169342","chr5",137827400,"","intergenic","Island",0.172,0.397,-0.225,-1.698,-7.727,2.7e-05,0.0159,TRUE,"hypo"
"cg23704517","chr13",109147317,"","intergenic","N_Shore",0.185,0.423,-0.239,-1.689,-7.721,2.72e-05,0.0159,TRUE,"hypo"
"cg02614438","chr21",38381979,"RIPPLY3","body","S_Shelf",0.143,0.347,-0.204,-1.702,-7.705,2.76e-05,0.0159,TRUE,"hypo"
"cg17629322","chr12",131355424,"RAN","promoter","N_Shore",0.336,0.567,-0.231,-1.387,-7.691,2.8e-05,0.016,TRUE,"hypo"
"cg01855980","chr14",53320557,"","intergenic","OpenSea",0.361,0.565,-0.204,-1.211,-7.68,2.83e-05,0.0161,TRUE,"hypo"
"cg07741592","chr4",15708993,"BST1","body","S_Shelf",0.131,0.34,-0.208,-1.809,-7.666,2.88e-05,0.0162,TRUE,"hypo"
"cg15233530","chr11",67889369,"CHKA","promoter","Island",0.283,0.511,-0.228,-1.42,-7.651,2.92e-05,0.0163,TRUE,"hypo"
"cg12982277","chr2",20423114,"SDC1","body","Island",0.217,0.511,-0.293,-1.957,-7.649,2.93e-05,0.0163,TRUE,"hypo"
"cg22046969","chr1",74140247,"","intergenic","OpenSea",0.219,0.51,-0.291,-1.932,-7.645,2.94e-05,0.0163,TRUE,"hypo"
"cg21489638","chr7",130671028,"LINC-PINT","body","OpenSea",0.628,0.353,0.275,1.645,7.641,2.95e-05,0.0163,TRUE,"hyper"
"cg00054472","chr3",9852352,"TTLL3","body","S_Shore",0.304,0.567,-0.264,-1.606,-7.636,2.97e-05,0.0163,TRUE,"hypo"
"cg13262909","chr6",150070030,"PCMT1","promoter","N_Shore",0.444,0.708,-0.264,-1.623,-7.628,2.99e-05,0.0163,TRUE,"hypo"
"cg09383432","chr8",130308094,"","intergenic","OpenSea",0.682,0.475,0.207,1.256,7.629,2.99e-05,0.0163,TRUE,"hyper"
"cg18596621","chr17",65471321,"PITPNC1","body","OpenSea",0.182,0.543,-0.361,-2.506,-7.625,3e-05,0.0163,TRUE,"hypo"
"cg24364827","chr1",149871658,"BOLA1","body","Island",0.339,0.575,-0.236,-1.405,-7.624,3.01e-05,0.0163,TRUE,"hypo"
"cg23172215","chr3",4393231,"","intergenic","OpenSea",0.231,0.431,-0.2,-1.351,-7.619,3.02e-05,0.0163,TRUE,"hypo"
"cg03297789","chr18",29210889,"B4GALT6","body","OpenSea",0.752,0.55,0.202,1.321,7.617,3.03e-05,0.0163,TRUE,"hyper"
"cg15860624","chr19",3811194,"ZFR2","body","Island",0.423,0.628,-0.204,-1.199,-7.616,3.03e-05,0.0163,TRUE,"hypo"
"cg24054582","chr3",193973521,"","intergenic","OpenSea",0.125,0.351,-0.225,-1.96,-7.613,3.04e-05,0.0163,TRUE,"hypo"
"cg23883465","chr10",14887097,"HSPA14","body","OpenSea",0.307,0.52,-0.213,-1.306,-7.593,3.11e-05,0.0164,TRUE,"hypo"
"cg16627829","chr19",36394482,"HCST","body","S_Shelf",0.179,0.413,-0.234,-1.724,-7.584,3.14e-05,0.0165,TRUE,"hypo"
"cg06710672","chr16",1133378,"","intergenic","S_Shelf",0.252,0.536,-0.284,-1.802,-7.575,3.16e-05,0.0165,TRUE,"hypo"
"cg02584756","chr1",43533796,"","intergenic","N_Shore",0.383,0.63,-0.247,-1.473,-7.572,3.17e-05,0.0165,TRUE,"hypo"
"cg27656707","chr2",127978394,"","intergenic","S_Shore",0.132,0.351,-0.22,-1.873,-7.564,3.2e-05,0.0165,TRUE,"hypo"
"cg24647646","chr19",10614011,"KEAP1","promoter","Island",0.109,0.339,-0.231,-2.125,-7.56,3.22e-05,0.0165,TRUE,"hypo"
"cg21040775","chr6",10383669,"","intergenic","Island",0.398,0.616,-0.218,-1.289,-7.556,3.23e-05,0.0165,TRUE,"hypo"
"cg13265740","chr6",139349120,"C6orf115","promoter","N_Shore",0.277,0.512,-0.235,-1.469,-7.556,3.23e-05,0.0165,TRUE,"hypo"
"cg15017278","chr16",127449,"MPG","promoter","Island",0.328,0.563,-0.234,-1.407,-7.552,3.24e-05,0.0165,TRUE,"hypo"
"cg02285920","chr19",17958956,"JAK3","promoter","S_Shore",0.319,0.544,-0.225,-1.364,-7.551,3.25e-05,0.0165,TRUE,"hypo"
"cg05025612","chr2",206641088,"NRP2","body","OpenSea",0.407,0.627,-0.219,-1.298,-7.541,3.28e-05,0.0165,TRUE,"hypo"
"cg15189715","chr15",79723173,"","intergenic","N_Shore",0.228,0.431,-0.203,-1.374,-7.541,3.28e-05,0.0165,TRUE,"hypo"
"cg01308002","chr1",40857943,"SMAP2","promoter","OpenSea",0.594,0.388,0.206,1.213,7.539,3.29e-05,0.0166,TRUE,"hyper"
"cg16766325","chr13",80912906,"SPRY2","promoter","N_Shore",0.267,0.486,-0.22,-1.394,-7.536,3.3e-05,0.0166,TRUE,"hypo"
"cg26002218","chr14",103986227,"CKB","body","N_Shore",0.283,0.494,-0.211,-1.322,-7.523,3.34e-05,0.0167,TRUE,"hypo"
"cg12359381","chr16",85465283,"","intergenic","Island",0.42,0.68,-0.261,-1.576,-7.525,3.34e-05,0.0166,TRUE,"hypo"
"cg21330711","chr16",89181827,"ACSF3","body","OpenSea",0.217,0.437,-0.22,-1.503,-7.519,3.36e-05,0.0167,TRUE,"hypo"
"cg16490015","chr14",104742009,"","intergenic","OpenSea",0.14,0.412,-0.272,-2.163,-7.514,3.37e-05,0.0167,TRUE,"hypo"
"cg23097534","chr5",37836748,"GDNF","promoter","Island",0.14,0.373,-0.233,-1.911,-7.51,3.39e-05,0.0167,TRUE,"hypo"
"cg22913903","chr12",49740968,"DNAJC22","promoter","S_Shore",0.131,0.337,-0.206,-1.779,-7.509,3.39e-05,0.0167,TRUE,"hypo"
"cg13761842","chr16",23084042,"USP31","body","OpenSea",0.38,0.624,-0.244,-1.456,-7.503,3.41e-05,0.0167,TRUE,"hypo"
"cg06933334","chr15",65822313,"HACD3","promoter","N_Shore",0.247,0.463,-0.216,-1.412,-7.501,3.42e-05,0.0168,TRUE,"hypo"
"cg23824663","chr7",26141012,"","intergenic","OpenSea",0.403,0.671,-0.268,-1.611,-7.498,3.43e-05,0.0168,TRUE,"hypo"
"cg00539654","chr4",110910455,"EGF","body","OpenSea",0.212,0.525,-0.314,-2.091,-7.497,3.44e-05,0.0168,TRUE,"hypo"
"cg14305297","chr5",111093943,"NREP","promoter","Island",0.22,0.5,-0.28,-1.843,-7.497,3.44e-05,0.0168,TRUE,"hypo"
"cg00056192","chr14",77055845,"","intergenic","OpenSea",0.566,0.364,0.202,1.195,7.498,3.44e-05,0.0168,TRUE,"hyper"
"cg19486070","chr7",1626153,"KIAA1908","body","OpenSea",0.221,0.463,-0.243,-1.643,-7.494,3.45e-05,0.0168,TRUE,"hypo"
"cg15126862","chr11",100696271,"FLJ32810","body","OpenSea",0.298,0.559,-0.26,-1.598,-7.493,3.45e-05,0.0168,TRUE,"hypo"
"cg06422011","chr7",84765476,"","intergenic","OpenSea",0.625,0.376,0.25,1.492,7.485,3.48e-05,0.0168,TRUE,"hyper"
"cg14770293","chr10",29011292,"","intergenic","Island",0.119,0.369,-0.25,-2.18,-7.475,3.52e-05,0.0168,TRUE,"hypo"
"cg02493604","chr10",54073445,"DKK1","promoter","N_Shore",0.242,0.466,-0.224,-1.473,-7.467,3.55e-05,0.0169,TRUE,"hypo"
"cg02781074","chr13",101241206,"GGACT","promoter","Island",0.312,0.698,-0.386,-2.403,-7.468,3.55e-05,0.0169,TRUE,"hypo"
"cg16522045","chr14",58706002,"","intergenic","OpenSea",0.386,0.605,-0.219,-1.296,-7.462,3.57e-05,0.0169,TRUE,"hypo"
"cg25818609","chr4",1157082,"","intergenic","OpenSea",0.213,0.49,-0.277,-1.865,-7.458,3.58e-05,0.0169,TRUE,"hypo"
"cg04728164","chr13",80475855,"LINC00382","body","OpenSea",0.248,0.452,-0.204,-1.336,-7.46,3.58e-05,0.0169,TRUE,"hypo"
"cg08276755","chr20",30196714,"","intergenic","S_Shore",0.347,0.581,-0.234,-1.396,-7.448,3.62e-05,0.0169,TRUE,"hypo"
"cg22734513","chr22",36044146,"APOL6","promoter","OpenSea",0.519,0.753,-0.234,-1.5,-7.445,3.63e-05,0.0169,TRUE,"hypo"
"cg05749883","chr5",77312624,"AP3B1","body","OpenSea",0.281,0.483,-0.202,-1.275,-7.441,3.65e-05,0.0169,TRUE,"hypo"
"cg06313483","chr5",79783651,"FAM151B","promoter","Island",0.137,0.477,-0.34,-2.638,-7.437,3.66e-05,0.0169,TRUE,"hypo"
"cg19975916","chr12",123215308,"GPR81","promoter","OpenSea",0.338,0.612,-0.275,-1.655,-7.435,3.67e-05,0.0169,TRUE,"hypo"
"cg14200350","chr9",35690051,"TPM2","promoter","Island",0.253,0.525,-0.272,-1.746,-7.429,3.69e-05,0.017,TRUE,"hypo"
"cg21885022","chr7",5483461,"","intergenic","OpenSea",0.482,0.693,-0.211,-1.283,-7.429,3.7e-05,0.017,TRUE,"hypo"
"cg22383472","chr19",44009067,"PHLDB3","promoter","S_Shore",0.214,0.511,-0.297,-1.994,-7.422,3.72e-05,0.017,TRUE,"hypo"
"cg14711997","chr7",150652864,"KCNH2","promoter","Island",0.349,0.612,-0.263,-1.587,-7.412,3.76e-05,0.0171,TRUE,"hypo"
"cg23635425","chr11",120381336,"GRIK4","promoter","N_Shore",0.292,0.51,-0.218,-1.351,-7.404,3.79e-05,0.0171,TRUE,"hypo"
"cg04274608","chr1",45097216,"RNF220","body","N_Shore",0.344,0.617,-0.274,-1.646,-7.401,3.81e-05,0.0171,TRUE,"hypo"
"cg12570975","chr11",69206335,"","intergenic","OpenSea",0.307,0.517,-0.209,-1.279,-7.388,3.86e-05,0.0172,TRUE,"hypo"
"cg07492045","chr5",180257795,"LOC729678","body","N_Shore",0.571,0.77,-0.2,-1.347,-7.382,3.88e-05,0.0173,TRUE,"hypo"
"cg17997279","chr20",52791472,"CYP24A1","promoter","S_Shore",0.29,0.531,-0.241,-1.489,-7.382,3.89e-05,0.0173,TRUE,"hypo"
"cg21638700","chr2",192710226,"SDPR","body","OpenSea",0.206,0.41,-0.204,-1.45,-7.376,3.91e-05,0.0173,TRUE,"hypo"
"cg00658740","chr3",136579741,"NCK1","promoter","N_Shore",0.28,0.504,-0.224,-1.409,-7.371,3.93e-05,0.0173,TRUE,"hypo"
"cg25212737","chr8",49215815,"","intergenic","OpenSea",0.394,0.63,-0.237,-1.407,-7.367,3.95e-05,0.0174,TRUE,"hypo"
"cg14579997","chr6",89792529,"PNRC1","body","S_Shore",0.346,0.553,-0.207,-1.24,-7.364,3.96e-05,0.0174,TRUE,"hypo"
"cg10828599","chr17",80797983,"TBCD;ZNF750","promoter","OpenSea",0.417,0.645,-0.228,-1.346,-7.361,3.98e-05,0.0174,TRUE,"hypo"
"cg25007683","chr7",4885596,"RADIL","body","OpenSea",0.123,0.326,-0.203,-1.82,-7.347,4.04e-05,0.0175,TRUE,"hypo"
"cg10047326","chr11",10336211,"CAND1.11","body","OpenSea",0.373,0.593,-0.221,-1.306,-7.34,4.07e-05,0.0175,TRUE,"hypo"
"cg17681750","chr11",63768665,"MACROD1","body","Island",0.396,0.633,-0.236,-1.399,-7.337,4.08e-05,0.0176,TRUE,"hypo"
"cg08130179","chr19",17958905,"JAK3","promoter","S_Shore",0.244,0.45,-0.207,-1.368,-7.329,4.11e-05,0.0176,TRUE,"hypo"
"cg25204718","chr12",96635731,"ELK3","body","OpenSea",0.666,0.372,0.294,1.769,7.327,4.12e-05,0.0176,TRUE,"hyper"
"cg19005368","chr11",32851950,"PRRG4","promoter","Island",0.413,0.679,-0.265,-1.597,-7.324,4.14e-05,0.0176,TRUE,"hypo"
"cg15050051","chr7",1782000,"ELFN1","promoter","N_Shelf",0.371,0.686,-0.315,-1.927,-7.32,4.16e-05,0.0176,TRUE,"hypo"
"cg04059338","chr13",108922375,"TNFSF13B","promoter","OpenSea",0.132,0.351,-0.219,-1.88,-7.319,4.16e-05,0.0176,TRUE,"hypo"
"cg09164108","chr5",43007320,"","intergenic","OpenSea",0.4,0.631,-0.23,-1.371,-7.315,4.18e-05,0.0176,TRUE,"hypo"
"cg01112390","chr9",123836942,"","intergenic","Island",0.391,0.659,-0.267,-1.608,-7.309,4.2e-05,0.0177,TRUE,"hypo"
"cg10625266","chr1",87169752,"SH3GLB1","promoter","N_Shore",0.179,0.421,-0.242,-1.774,-7.303,4.23e-05,0.0178,TRUE,"hypo"
"cg21351104","chr4",53526433,"USP46-AS1;USP46","promoter","S_Shore",0.271,0.493,-0.222,-1.412,-7.288,4.3e-05,0.0179,TRUE,"hypo"
"cg04303382","chr17",77766421,"","intergenic","Island",0.419,0.623,-0.204,-1.202,-7.288,4.3e-05,0.0179,TRUE,"hypo"
"cg06743037","chr7",80550531,"","intergenic","S_Shore",0.472,0.269,0.203,1.288,7.285,4.32e-05,0.018,TRUE,"hyper"
"cg04707327","chr14",50159532,"KLHDC1","promoter","N_Shore",0.2,0.408,-0.208,-1.472,-7.272,4.38e-05,0.0181,TRUE,"hypo"
"cg08664199","chr17",35383771,"AATF","body","OpenSea",0.391,0.667,-0.275,-1.669,-7.265,4.41e-05,0.0181,TRUE,"hypo"
"cg21873954","chr7",1782015,"ELFN1-AS1;ELFN1","promoter","N_Shelf",0.193,0.459,-0.267,-1.887,-7.256,4.45e-05,0.0182,TRUE,"hypo"
"cg25055744","chr17",80795569,"TBCD;ZNF750","promoter","OpenSea",0.29,0.508,-0.218,-1.347,-7.244,4.51e-05,0.0182,TRUE,"hypo"
"cg18736067","chr17",2615433,"CLUH","promoter","Island",0.395,0.646,-0.251,-1.498,-7.243,4.52e-05,0.0182,TRUE,"hypo"
"cg10737521","chr5",179335243,"TBC1D9B","promoter","S_Shore",0.461,0.711,-0.25,-1.552,-7.235,4.56e-05,0.0183,TRUE,"hypo"
"cg08943932","chr17",59564315,"","intergenic","OpenSea",0.389,0.595,-0.207,-1.223,-7.223,4.62e-05,0.0184,TRUE,"hypo"
"cg03126946","chr12",2944310,"NRIP2","promoter","OpenSea",0.339,0.56,-0.22,-1.324,-7.212,4.67e-05,0.0185,TRUE,"hypo"
"cg25698564","chr16",66637701,"CMTM3","promoter","N_Shore",0.353,0.585,-0.232,-1.382,-7.21,4.68e-05,0.0185,TRUE,"hypo"
"cg08534676","chr7",142956864,"","intergenic","OpenSea",0.569,0.306,0.263,1.602,7.208,4.69e-05,0.0185,TRUE,"hyper"
"cg04179415","chr12",94676694,"PLXNC1","body","OpenSea",0.192,0.456,-0.264,-1.864,-7.207,4.7e-05,0.0185,TRUE,"hypo"
"cg15928538","chr7",140773578,"","intergenic","Island",0.237,0.489,-0.253,-1.664,-7.204,4.71e-05,0.0185,TRUE,"hypo"
"cg07193394","chr9",89039402,"","intergenic","OpenSea",0.432,0.657,-0.225,-1.344,-7.193,4.77e-05,0.0186,TRUE,"hypo"
"cg27090087","chr6",54172378,"TINAG","promoter","OpenSea",0.628,0.418,0.21,1.242,7.187,4.8e-05,0.0186,TRUE,"hyper"
"cg08450280","chr7",150101933,"LOC728743","promoter","Island",0.322,0.576,-0.254,-1.538,-7.188,4.8e-05,0.0186,TRUE,"hypo"
"cg27360210","chr19",39826923,"GMFG","promoter","OpenSea",0.37,0.61,-0.24,-1.426,-7.185,4.81e-05,0.0186,TRUE,"hypo"
"cg09293042","chr14",96967681,"PAPOLA","promoter","N_Shore",0.459,0.672,-0.212,-1.276,-7.184,4.82e-05,0.0186,TRUE,"hypo"
"cg00105415","chr10",64579276,"EGR2","promoter","S_Shore",0.423,0.625,-0.201,-1.187,-7.177,4.85e-05,0.0186,TRUE,"hypo"
"cg26928972","chr3",122043799,"CSTA","promoter","OpenSea",0.23,0.445,-0.215,-1.448,-7.172,4.88e-05,0.0186,TRUE,"hypo"
"cg08326660","chr11",58389780,"CNTF;ZFP91-CNTF","promoter","OpenSea",0.623,0.404,0.218,1.285,7.171,4.89e-05,0.0186,TRUE,"hyper"
"cg22054857","chr12",76426251,"PHLDA1","promoter","Island",0.212,0.482,-0.269,-1.827,-7.17,4.89e-05,0.0186,TRUE,"hypo"
"cg20935106","chr12",6561229,"TAPBPL;LOC678655","promoter","OpenSea",0.242,0.46,-0.218,-1.441,-7.169,4.9e-05,0.0186,TRUE,"hypo"
"cg11035730","chr14",104662709,"","intergenic","OpenSea",0.356,0.652,-0.296,-1.788,-7.164,4.93e-05,0.0187,TRUE,"hypo"
"cg02052410","chr16",23084490,"USP31","body","OpenSea",0.367,0.614,-0.246,-1.466,-7.149,5e-05,0.0188,TRUE,"hypo"
"cg10717522","chr2",191792078,"GLS","body","OpenSea",0.311,0.586,-0.275,-1.667,-7.14,5.06e-05,0.0189,TRUE,"hypo"
"cg07774478","chr2",127865245,"BIN1","promoter","Island",0.122,0.44,-0.318,-2.588,-7.138,5.07e-05,0.0189,TRUE,"hypo"
"cg21342728","chr22",41075673,"MCHR1","promoter","OpenSea",0.368,0.574,-0.206,-1.221,-7.134,5.09e-05,0.019,TRUE,"hypo"
"cg11857033","chr17",29297552,"RNF135","promoter","N_Shore",0.195,0.484,-0.289,-2.009,-7.131,5.11e-05,0.019,TRUE,"hypo"
"cg04479203","chr8",61823106,"","intergenic","S_Shore",0.214,0.442,-0.227,-1.57,-7.124,5.14e-05,0.019,TRUE,"hypo"
"cg15613991","chr7",5277080,"","intergenic","OpenSea",0.321,0.56,-0.238,-1.432,-7.123,5.15e-05,0.019,TRUE,"hypo"
"cg09717720","chr13",30969139,"","intergenic","OpenSea",0.187,0.403,-0.216,-1.585,-7.122,5.16e-05,0.019,TRUE,"hypo"
"cg23573638","chr4",184908254,"STOX2","body","OpenSea",0.224,0.458,-0.235,-1.561,-7.119,5.17e-05,0.019,TRUE,"hypo"
"cg04229482","chr8",58983086,"FAM110B","promoter","OpenSea",0.458,0.672,-0.215,-1.28,-7.116,5.19e-05,0.0191,TRUE,"hypo"
"cg10775273","chr2",219857927,"CRYBA2","promoter","Island",0.391,0.679,-0.288,-1.739,-7.113,5.21e-05,0.0191,TRUE,"hypo"
"cg03276982","chr8",119024055,"EXT1","body","OpenSea",0.526,0.324,0.203,1.218,7.113,5.21e-05,0.0191,TRUE,"hyper"
"cg27530109","chr6",112032765,"FYN","body","OpenSea",0.385,0.592,-0.208,-1.234,-7.111,5.22e-05,0.0191,TRUE,"hypo"
"cg19256314","chr12",109227237,"SSH1","body","OpenSea",0.415,0.205,0.21,1.459,7.105,5.25e-05,0.0192,TRUE,"hyper"
"cg09266287","chr16",3673788,"","intergenic","OpenSea",0.407,0.629,-0.222,-1.304,-7.1,5.29e-05,0.0192,TRUE,"hypo"
"cg20953563","chr7",1782017,"ELFN1-AS1;ELFN1","promoter","N_Shelf",0.219,0.5,-0.281,-1.89,-7.09,5.34e-05,0.0193,TRUE,"hypo"
"cg13464117","chr7",157348161,"PTPRN2","body","S_Shore",0.359,0.147,0.211,1.682,7.089,5.35e-05,0.0193,TRUE,"hyper"
"cg14785464","chr21",38362725,"HLCS","promoter","Island",0.198,0.525,-0.326,-2.237,-7.089,5.35e-05,0.0193,TRUE,"hypo"
"cg14637885","chr12",74416010,"","intergenic","OpenSea",0.297,0.518,-0.221,-1.367,-7.085,5.37e-05,0.0194,TRUE,"hypo"
"cg20811857","chr17",78079795,"GAA","body","Island",0.431,0.716,-0.285,-1.741,-7.081,5.39e-05,0.0194,TRUE,"hypo"
"cg18382353","chr10",45495981,"C10orf25;ZNF22","promoter","N_Shore",0.408,0.664,-0.256,-1.525,-7.081,5.4e-05,0.0194,TRUE,"hypo"
"cg12009719","chr12",109548764,"UNG","body","N_Shore",0.274,0.494,-0.22,-1.393,-7.075,5.43e-05,0.0195,TRUE,"hypo"
"cg24044478","chr8",145035191,"PLEC1","body","OpenSea",0.566,0.772,-0.206,-1.378,-7.072,5.45e-05,0.0195,TRUE,"hypo"
"cg25402480","chr12",53719777,"","intergenic","Island",0.426,0.676,-0.251,-1.501,-7.07,5.46e-05,0.0195,TRUE,"hypo"
"cg00080125","chr17",59490613,"C17orf82","promoter","S_Shore",0.395,0.599,-0.204,-1.203,-7.071,5.46e-05,0.0195,TRUE,"hypo"
"cg22831517","chr4",102615406,"","intergenic","OpenSea",0.26,0.462,-0.202,-1.305,-7.07,5.47e-05,0.0195,TRUE,"hypo"
"cg19753896","chr7",141161456,"TMEM178B","body","OpenSea",0.374,0.578,-0.205,-1.21,-7.068,5.47e-05,0.0195,TRUE,"hypo"
"cg18612880","chr11",113067492,"NCAM1","body","OpenSea",0.628,0.367,0.261,1.559,7.068,5.47e-05,0.0195,TRUE,"hyper"
"cg06402296","chr5",158448540,"EBF1","body","OpenSea",0.356,0.56,-0.204,-1.211,-7.061,5.52e-05,0.0196,TRUE,"hypo"
"cg07346904","chr12",47643038,"","intergenic","OpenSea",0.268,0.478,-0.21,-1.34,-7.06,5.53e-05,0.0196,TRUE,"hypo"
"cg01461254","chr12",2944306,"NRIP2","promoter","OpenSea",0.291,0.51,-0.219,-1.362,-7.058,5.54e-05,0.0196,TRUE,"hypo"
"cg24613558","chr17",65471347,"PITPNC1","body","OpenSea",0.125,0.331,-0.205,-1.841,-7.057,5.54e-05,0.0196,TRUE,"hypo"
"cg24399924","chr2",85980533,"ATOH8","promoter","Island",0.189,0.537,-0.348,-2.382,-7.05,5.59e-05,0.0197,TRUE,"hypo"
"cg18650219","chr10",130831384,"","intergenic","OpenSea",0.313,0.524,-0.211,-1.287,-7.049,5.59e-05,0.0197,TRUE,"hypo"
"cg08474651","chr2",201729683,"CLK1","promoter","S_Shore",0.127,0.333,-0.206,-1.829,-7.044,5.62e-05,0.0197,TRUE,"hypo"
"cg23014605","chr17",40439765,"STAT5A","promoter","N_Shore",0.285,0.523,-0.238,-1.476,-7.037,5.67e-05,0.0198,TRUE,"hypo"
"cg18131626","chr6",100037532,"","intergenic","Island",0.407,0.679,-0.272,-1.635,-7.031,5.7e-05,0.0198,TRUE,"hypo"
"cg06892635","chr17",8649228,"CCDC42","promoter","Island",0.109,0.334,-0.225,-2.125,-7.031,5.71e-05,0.0198,TRUE,"hypo"
"cg07336045","chr14",77587986,"","intergenic","N_Shelf",0.184,0.431,-0.247,-1.789,-7.026,5.74e-05,0.0198,TRUE,"hypo"
"cg02227249","chr8",27530710,"SCARA3","body","OpenSea",0.343,0.559,-0.215,-1.289,-7.022,5.77e-05,0.0199,TRUE,"hypo"
"cg02034720","chr5",41925147,"FBXO4","promoter","N_Shore",0.197,0.489,-0.292,-2.027,-7.018,5.79e-05,0.0199,TRUE,"hypo"
"cg06866033","chr5",141391951,"GNPDA1","promoter","N_Shore",0.332,0.543,-0.211,-1.265,-7.018,5.79e-05,0.0199,TRUE,"hypo"
"cg15524363","chr6",13874679,"","intergenic","S_Shore",0.35,0.617,-0.267,-1.595,-7.018,5.79e-05,0.0199,TRUE,"hypo"
"cg11689625","chr4",154386689,"KIAA0922","promoter","N_Shore",0.174,0.416,-0.241,-1.805,-7.015,5.81e-05,0.0199,TRUE,"hypo"
"cg09832102","chr17",75503269,"","intergenic","OpenSea",0.356,0.573,-0.217,-1.291,-7.014,5.81e-05,0.0199,TRUE,"hypo"
"cg19697558","chr1",24646085,"GRHL3","body","N_Shelf",0.238,0.522,-0.283,-1.838,-7.008,5.85e-05,0.02,TRUE,"hypo"
"cg11640015","chr6",31838425,"SLC44A4","body","OpenSea",0.373,0.575,-0.202,-1.194,-7.007,5.86e-05,0.02,TRUE,"hypo"
"cg27191700","chr11",102094991,"YAP1","body","OpenSea",0.239,0.531,-0.292,-1.902,-7.002,5.89e-05,0.0201,TRUE,"hypo"
"cg04117530","chr1",226187852,"C1orf55","promoter","S_Shore",0.203,0.417,-0.214,-1.514,-6.998,5.92e-05,0.0201,TRUE,"hypo"
"cg17230745","chr20",824664,"FAM110A","promoter","N_Shore",0.423,0.685,-0.262,-1.581,-6.99,5.97e-05,0.0201,TRUE,"hypo"
"cg12754273","chr1",1356940,"ANKRD65","promoter","S_Shore",0.239,0.476,-0.237,-1.558,-6.988,5.98e-05,0.0201,TRUE,"hypo"
"cg12792931","chr14",77499162,"","intergenic","Island",0.259,0.487,-0.228,-1.463,-6.984,6.01e-05,0.0202,TRUE,"hypo"
"cg22159430","chr1",180455299,"ACBD6","body","OpenSea",0.598,0.393,0.206,1.213,6.975,6.07e-05,0.0203,TRUE,"hyper"
"cg03997139","chr2",11485552,"ROCK2","promoter","Island",0.203,0.446,-0.243,-1.689,-6.971,6.1e-05,0.0203,TRUE,"hypo"
"cg16060189","chr10",94350577,"","intergenic","N_Shore",0.277,0.518,-0.241,-1.515,-6.96,6.17e-05,0.0204,TRUE,"hypo"
"cg21000999","chr21",27253974,"APP","body","OpenSea",0.301,0.529,-0.229,-1.411,-6.961,6.17e-05,0.0204,TRUE,"hypo"
"cg06102542","chr10",88011789,"GRID1","body","OpenSea",0.653,0.434,0.219,1.314,6.956,6.2e-05,0.0204,TRUE,"hyper"
"cg22950199","chr22",18403239,"MICAL3","promoter","OpenSea",0.158,0.371,-0.213,-1.7,-6.949,6.25e-05,0.0205,TRUE,"hypo"
"cg03032247","chr17",46570338,"","intergenic","Island",0.221,0.431,-0.21,-1.439,-6.948,6.26e-05,0.0205,TRUE,"hypo"
"cg11028923","chr5",43557644,"PAIP1","promoter","S_Shore",0.391,0.605,-0.214,-1.268,-6.946,6.27e-05,0.0205,TRUE,"hypo"
"cg08894153","chr19",12606729,"ZNF709","promoter","Island",0.145,0.367,-0.222,-1.831,-6.943,6.29e-05,0.0206,TRUE,"hypo"
"cg03131729","chr11",129183282,"","intergenic","OpenSea",0.331,0.551,-0.22,-1.332,-6.936,6.35e-05,0.0206,TRUE,"hypo"
"cg27150417","chr20",44462035,"SNX21","promoter","N_Shore",0.277,0.507,-0.23,-1.445,-6.935,6.35e-05,0.0206,TRUE,"hypo"
"cg04648480","chr21",38083099,"SIM2","body","S_Shore",0.44,0.693,-0.254,-1.543,-6.936,6.35e-05,0.0206,TRUE,"hypo"
"cg12116288","chr17",70215735,"","intergenic","OpenSea",0.178,0.399,-0.221,-1.639,-6.932,6.38e-05,0.0207,TRUE,"hypo"
"cg06733558","chr20",21216097,"KIZ","body","OpenSea",0.408,0.638,-0.229,-1.361,-6.931,6.38e-05,0.0207,TRUE,"hypo"
"cg16167544","chr2",36795872,"FEZ2","body","OpenSea",0.459,0.184,0.275,1.917,6.929,6.39e-05,0.0207,TRUE,"hyper"
"cg03297163","chr7",2548137,"","intergenic","OpenSea",0.243,0.633,-0.389,-2.519,-6.928,6.4e-05,0.0207,TRUE,"hypo"
"cg09648727","chr17",79361742,"","intergenic","S_Shore",0.336,0.629,-0.293,-1.781,-6.927,6.41e-05,0.0207,TRUE,"hypo"
"cg09103877","chr17",17713067,"RAI1","body","Island",0.385,0.705,-0.32,-1.967,-6.925,6.42e-05,0.0207,TRUE,"hypo"
"cg24668836","chr11",111412172,"LAYN","promoter","Island",0.328,0.591,-0.263,-1.596,-6.924,6.43e-05,0.0207,TRUE,"hypo"
"cg09599577","chr3",129346062,"","intergenic","Island",0.337,0.613,-0.276,-1.664,-6.914,6.5e-05,0.0208,TRUE,"hypo"
"cg23172712","chr6",134589516,"SGK1","body","OpenSea",0.403,0.691,-0.289,-1.769,-6.914,6.51e-05,0.0208,TRUE,"hypo"
"cg00803816","chr17",67323768,"ABCA5","promoter","Island",0.172,0.377,-0.205,-1.591,-6.911,6.53e-05,0.0208,TRUE,"hypo"
"cg14778622","chr2",136743698,"DARS","promoter","S_Shore",0.338,0.671,-0.333,-2.048,-6.909,6.54e-05,0.0208,TRUE,"hypo"
"cg20904475","chr8",61823027,"","intergenic","Island",0.289,0.526,-0.237,-1.475,-6.906,6.56e-05,0.0208,TRUE,"hypo"
"cg26641022","chr12",125000767,"NCOR2","promoter","N_Shore",0.348,0.551,-0.203,-1.214,-6.906,6.57e-05,0.0208,TRUE,"hypo"
"cg05957477","chr20",8228450,"PLCB1","body","OpenSea",0.269,0.471,-0.201,-1.289,-6.906,6.57e-05,0.0208,TRUE,"hypo"
"cg02071598","chr4",124495609,"","intergenic","OpenSea",0.309,0.515,-0.206,-1.267,-6.9,6.6e-05,0.0208,TRUE,"hypo"
"cg09630103","chr14",75868204,"","intergenic","OpenSea",0.724,0.449,0.275,1.721,6.9,6.6e-05,0.0208,TRUE,"hyper"
"cg12279138","chr1",224370322,"DEGS1","promoter","N_Shore",0.443,0.668,-0.225,-1.336,-6.9,6.61e-05,0.0208,TRUE,"hypo"
"cg02567444","chr20",25208443,"","intergenic","OpenSea",0.346,0.598,-0.252,-1.515,-6.892,6.67e-05,0.0209,TRUE,"hypo"
"cg03419014","chr21",38362742,"HLCS","promoter","Island",0.469,0.68,-0.21,-1.27,-6.888,6.7e-05,0.0209,TRUE,"hypo"
"cg21227035","chr2",106777015,"UXS1","body","OpenSea",0.336,0.546,-0.211,-1.268,-6.886,6.71e-05,0.0209,TRUE,"hypo"
"cg07332757","chr16",88593924,"ZFPM1","body","S_Shelf",0.277,0.477,-0.2,-1.272,-6.886,6.71e-05,0.0209,TRUE,"hypo"
"cg08368299","chr14",69011195,"RAD51B","body","OpenSea",0.478,0.276,0.203,1.275,6.882,6.74e-05,0.021,TRUE,"hyper"
"cg05382021","chr14",23640996,"SLC7A8","body","OpenSea",0.45,0.664,-0.214,-1.277,-6.876,6.79e-05,0.021,TRUE,"hypo"
"cg22534509","chr12",123215119,"GPR81","promoter","OpenSea",0.34,0.618,-0.278,-1.682,-6.874,6.81e-05,0.0211,TRUE,"hypo"
"cg16879247","chr6",36561383,"SFRS3","promoter","N_Shore",0.22,0.47,-0.25,-1.677,-6.868,6.85e-05,0.0211,TRUE,"hypo"
"cg12799846","chr10",50826395,"CHAT","body","S_Shelf",0.447,0.246,0.201,1.308,6.868,6.85e-05,0.0211,TRUE,"hyper"
"cg12510907","chr1",90869148,"","intergenic","OpenSea",0.49,0.252,0.238,1.525,6.866,6.87e-05,0.0212,TRUE,"hyper"
"cg11124262","chr20",25013364,"ACSS1","promoter","OpenSea",0.191,0.453,-0.262,-1.868,-6.866,6.87e-05,0.0212,TRUE,"hypo"
"cg22350636","chr8",61822819,"","intergenic","Island",0.348,0.557,-0.209,-1.255,-6.861,6.9e-05,0.0212,TRUE,"hypo"
"cg08615596","chr12",68758840,"","intergenic","OpenSea",0.408,0.657,-0.249,-1.492,-6.861,6.91e-05,0.0212,TRUE,"hypo"
"cg01217466","chr17",64499741,"PRKCA","body","OpenSea",0.231,0.438,-0.207,-1.4,-6.856,6.94e-05,0.0213,TRUE,"hypo"
"cg10951325","chr6",31838419,"SLC44A4","body","OpenSea",0.433,0.647,-0.214,-1.276,-6.846,7.02e-05,0.0213,TRUE,"hypo"
"cg02542748","chr10",131034863,"","intergenic","OpenSea",0.303,0.532,-0.229,-1.399,-6.845,7.03e-05,0.0213,TRUE,"hypo"
"cg18823947","chr5",166636056,"","intergenic","OpenSea",0.43,0.215,0.215,1.473,6.842,7.06e-05,0.0214,TRUE,"hyper"
"cg22395355","chr17",17713061,"RAI1","body","Island",0.349,0.679,-0.33,-2.031,-6.84,7.07e-05,0.0214,TRUE,"hypo"
"cg27027723","chr18",53177444,"TCF4","body","OpenSea",0.528,0.316,0.212,1.295,6.841,7.07e-05,0.0214,TRUE,"hyper"
"cg10227363","chr20",49133173,"PTPN1","promoter","OpenSea",0.198,0.401,-0.203,-1.465,-6.839,7.08e-05,0.0214,TRUE,"hypo"
"cg05707833","chr18",77203371,"NFATC1","promoter","Island",0.344,0.544,-0.2,-1.197,-6.838,7.09e-05,0.0214,TRUE,"hypo"
"cg11102782","chr19",18549136,"ISYNA1","promoter","Island",0.197,0.398,-0.201,-1.463,-6.837,7.1e-05,0.0214,TRUE,"hypo"
"cg05384127","chr22",27067406,"MIATNB;MIAT","promoter","OpenSea",0.287,0.503,-0.216,-1.348,-6.832,7.14e-05,0.0215,TRUE,"hypo"
"cg06958766","chr14",76446087,"TGFB3","body","N_Shelf",0.275,0.554,-0.279,-1.744,-6.811,7.31e-05,0.0217,TRUE,"hypo"
"cg00514473","chr4",174449596,"HAND2","body","S_Shore",0.455,0.706,-0.251,-1.548,-6.809,7.33e-05,0.0217,TRUE,"hypo"
"cg04060163","chr17",75136271,"SEC14L1","promoter","N_Shore",0.287,0.487,-0.2,-1.257,-6.809,7.33e-05,0.0217,TRUE,"hypo"
"cg05226061","chr17",37308828,"PLXDC1","promoter","S_Shore",0.258,0.468,-0.21,-1.347,-6.805,7.36e-05,0.0217,TRUE,"hypo"
"cg22986569","chr5",2659008,"","intergenic","OpenSea",0.492,0.279,0.214,1.336,6.803,7.38e-05,0.0217,TRUE,"hyper"
"cg10047101","chr14",69262391,"C14orf181","promoter","Island",0.11,0.369,-0.259,-2.253,-6.8,7.4e-05,0.0217,TRUE,"hypo"
"cg18113566","chr7",105985487,"","intergenic","OpenSea",0.654,0.444,0.209,1.254,6.799,7.41e-05,0.0217,TRUE,"hyper"
"cg23148229","chr15",44828263,"EIF3J-AS1;EIF3J","promoter","N_Shore",0.385,0.626,-0.24,-1.429,-6.799,7.41e-05,0.0217,TRUE,"hypo"
"cg20045882","chr14",69261160,"ZFP36L1","promoter","Island",0.182,0.518,-0.337,-2.381,-6.793,7.46e-05,0.0218,TRUE,"hypo"
"cg06741198","chr6",150039666,"LATS1","promoter","S_Shore",0.163,0.373,-0.21,-1.647,-6.79,7.49e-05,0.0218,TRUE,"hypo"
"cg10143064","chr17",72804065,"TMEM104","body","OpenSea",0.324,0.582,-0.258,-1.566,-6.79,7.49e-05,0.0218,TRUE,"hypo"
"cg25288675","chr17",76797750,"USP36","body","N_Shore",0.289,0.506,-0.217,-1.351,-6.79,7.49e-05,0.0218,TRUE,"hypo"
"cg11277097","chr7",4754709,"FOXK1","body","N_Shelf",0.26,0.465,-0.205,-1.323,-6.785,7.53e-05,0.0218,TRUE,"hypo"
"cg06223834","chr16",4103161,"ADCY9","body","OpenSea",0.248,0.538,-0.29,-1.855,-6.783,7.54e-05,0.0218,TRUE,"hypo"
"cg17952719","chr2",28612965,"","intergenic","Island",0.442,0.676,-0.233,-1.415,-6.78,7.57e-05,0.0219,TRUE,"hypo"
"cg10163427","chr11",116969999,"SIK3","promoter","S_Shore",0.455,0.671,-0.216,-1.288,-6.781,7.57e-05,0.0219,TRUE,"hypo"
"cg21242631","chr5",95485498,"LOC101929710","body","OpenSea",0.329,0.578,-0.249,-1.496,-6.779,7.58e-05,0.0219,TRUE,"hypo"
"cg20301308","chr1",65534742,"","intergenic","S_Shore",0.338,0.578,-0.24,-1.437,-6.777,7.6e-05,0.0219,TRUE,"hypo"
"cg07463103","chr16",89181863,"ACSF3","body","OpenSea",0.376,0.654,-0.278,-1.66,-6.774,7.63e-05,0.022,TRUE,"hypo"
"cg09528415","chr17",25571675,"","intergenic","OpenSea",0.265,0.574,-0.309,-1.961,-6.772,7.64e-05,0.022,TRUE,"hypo"
"cg05582690","chr2",128158906,"","intergenic","Island",0.773,0.535,0.239,1.577,6.77,7.65e-05,0.022,TRUE,"hyper"
"cg14686465","chr2",145116138,"","intergenic","OpenSea",0.653,0.438,0.215,1.291,6.764,7.71e-05,0.0221,TRUE,"hyper"
"cg17602167","chr6",36561558,"SFRS3","promoter","N_Shore",0.27,0.598,-0.328,-2.065,-6.764,7.71e-05,0.0221,TRUE,"hypo"
"cg26149032","chr3",158519514,"MFSD1","promoter","Island",0.129,0.33,-0.2,-1.77,-6.759,7.75e-05,0.0221,TRUE,"hypo"
"cg07035145","chr14",51410689,"PYGL","body","Island",0.086,0.382,-0.296,-2.886,-6.759,7.75e-05,0.0221,TRUE,"hypo"
"cg04207436","chr2",109883620,"SH3RF3","body","OpenSea",0.363,0.567,-0.203,-1.21,-6.759,7.76e-05,0.0221,TRUE,"hypo"
"cg17608490","chr2",219848580,"FEV","body","N_Shore",0.23,0.511,-0.281,-1.853,-6.759,7.76e-05,0.0221,TRUE,"hypo"
"cg01672655","chr12",7308033,"CLSTN3","body","OpenSea",0.453,0.653,-0.2,-1.197,-6.757,7.78e-05,0.0221,TRUE,"hypo"
"cg26189283","chr1",155109378,"RAG1AP1","body","S_Shore",0.359,0.57,-0.212,-1.262,-6.741,7.92e-05,0.0222,TRUE,"hypo"
"cg13181251","chr18",24130450,"KCTD1","promoter","Island",0.226,0.49,-0.265,-1.771,-6.737,7.95e-05,0.0223,TRUE,"hypo"
"cg03624195","chr19",14090310,"RFX1","body","S_Shore",0.421,0.635,-0.214,-1.272,-6.732,8e-05,0.0223,TRUE,"hypo"
"cg06788410","chr5",132299739,"AFF4","promoter","Island",0.225,0.515,-0.29,-1.931,-6.728,8.03e-05,0.0224,TRUE,"hypo"
"cg16206227","chr5",154443673,"","intergenic","OpenSea",0.505,0.274,0.231,1.459,6.729,8.03e-05,0.0224,TRUE,"hyper"
"cg24814835","chr6",40880182,"LOC101929555","body","OpenSea",0.264,0.477,-0.213,-1.366,-6.725,8.06e-05,0.0224,TRUE,"hypo"
"cg00624589","chr16",1094742,"","intergenic","N_Shelf",0.141,0.345,-0.203,-1.734,-6.72,8.11e-05,0.0224,TRUE,"hypo"
"cg03857571","chr2",231084305,"SP110","promoter","OpenSea",0.213,0.447,-0.234,-1.615,-6.714,8.16e-05,0.0225,TRUE,"hypo"
"cg01082898","chr12",64372449,"SRGAP1","body","OpenSea",0.535,0.292,0.242,1.491,6.712,8.19e-05,0.0225,TRUE,"hyper"
"cg07901003","chr20",60785442,"","intergenic","S_Shelf",0.287,0.505,-0.217,-1.362,-6.7,8.3e-05,0.0226,TRUE,"hypo"
"cg16749578","chr19",17357619,"NR2F6","promoter","S_Shore",0.229,0.433,-0.204,-1.392,-6.696,8.34e-05,0.0226,TRUE,"hypo"
"cg10573729","chr1",14127783,"PRDM2","body","OpenSea",0.36,0.577,-0.218,-1.295,-6.693,8.37e-05,0.0226,TRUE,"hypo"
"cg17029690","chr19",44009073,"PHLDB3","promoter","S_Shore",0.251,0.57,-0.319,-2.047,-6.693,8.37e-05,0.0226,TRUE,"hypo"
"cg17202781","chr3",5019217,"","intergenic","N_Shore",0.403,0.616,-0.213,-1.264,-6.692,8.38e-05,0.0226,TRUE,"hypo"
"cg14768813","chr3",196528060,"PAK2","body","OpenSea",0.287,0.533,-0.247,-1.53,-6.683,8.46e-05,0.0227,TRUE,"hypo"
"cg10879765","chr10",63051890,"","intergenic","OpenSea",0.416,0.649,-0.233,-1.394,-6.682,8.47e-05,0.0227,TRUE,"hypo"
"cg07162320","chr1",155295267,"RUSC1;C1orf104","promoter","Island",0.294,0.515,-0.221,-1.369,-6.672,8.58e-05,0.0228,TRUE,"hypo"
"cg13277131","chr12",1650978,"","intergenic","OpenSea",0.327,0.563,-0.237,-1.425,-6.666,8.64e-05,0.0228,TRUE,"hypo"
"cg16751098","chr14",69261079,"ZFP36L1","promoter","Island",0.339,0.568,-0.23,-1.381,-6.665,8.64e-05,0.0228,TRUE,"hypo"
"cg12842552","chr3",151176600,"IGSF10","promoter","N_Shelf",0.487,0.7,-0.213,-1.308,-6.663,8.66e-05,0.0229,TRUE,"hypo"
"cg05561193","chr4",150999042,"DCLK2","promoter","N_Shore",0.343,0.543,-0.201,-1.204,-6.663,8.67e-05,0.0229,TRUE,"hypo"
"cg13626357","chr11",132997832,"OPCML","body","OpenSea",0.717,0.497,0.22,1.385,6.661,8.68e-05,0.0229,TRUE,"hyper"
"cg26832294","chr4",122078348,"TNIP3","body","OpenSea",0.19,0.452,-0.262,-1.864,-6.657,8.72e-05,0.0229,TRUE,"hypo"
"cg15248512","chr9",21833558,"MTAP","body","OpenSea",0.338,0.546,-0.208,-1.248,-6.651,8.79e-05,0.023,TRUE,"hypo"
"cg20347496","chr2",73403631,"","intergenic","Island",0.428,0.644,-0.217,-1.288,-6.649,8.8e-05,0.023,TRUE,"hypo"
"cg01403005","chr15",90958170,"IQGAP1","body","OpenSea",0.698,0.492,0.205,1.266,6.645,8.84e-05,0.023,TRUE,"hyper"
"cg10849289","chr21",46087249,"KRTAP12-2;C21orf29","promoter","OpenSea",0.545,0.322,0.223,1.349,6.642,8.87e-05,0.023,TRUE,"hyper"
"cg07113006","chr1",45097282,"RNF220","body","Island",0.429,0.681,-0.252,-1.526,-6.642,8.88e-05,0.023,TRUE,"hypo"
"cg19788128","chr17",59134848,"BCAS3","body","OpenSea",0.471,0.268,0.202,1.284,6.638,8.92e-05,0.0231,TRUE,"hyper"
"cg20102432","chr15",56035200,"PRTG","promoter","Island",0.139,0.397,-0.258,-2.125,-6.635,8.94e-05,0.0231,TRUE,"hypo"
"cg24878868","chr1",3607401,"TP73","promoter","Island",0.332,0.556,-0.224,-1.357,-6.632,8.98e-05,0.0231,TRUE,"hypo"
"cg18864926","chr14",99989889,"CCDC85C","body","OpenSea",0.381,0.59,-0.209,-1.242,-6.629,9.01e-05,0.0232,TRUE,"hypo"
"cg17895446","chr4",173573053,"GALNTL6","body","OpenSea",0.689,0.481,0.209,1.279,6.619,9.11e-05,0.0232,TRUE,"hyper"
"cg15752292","chr19",39970821,"TIMM50","promoter","N_Shore",0.339,0.614,-0.275,-1.666,-6.618,9.12e-05,0.0232,TRUE,"hypo"
"cg24061917","chr18",29167849,"","intergenic","OpenSea",0.62,0.36,0.26,1.561,6.615,9.15e-05,0.0232,TRUE,"hyper"
"cg08319103","chr17",77086388,"HRNBP3","body","OpenSea",0.415,0.695,-0.28,-1.701,-6.613,9.17e-05,0.0233,TRUE,"hypo"
"cg23886036","chr5",41795142,"OXCT1","body","OpenSea",0.587,0.368,0.22,1.298,6.613,9.18e-05,0.0233,TRUE,"hyper"
"cg23328295","chr5",118670788,"TNFAIP8","promoter","OpenSea",0.319,0.543,-0.224,-1.361,-6.608,9.23e-05,0.0233,TRUE,"hypo"
"cg00045902","chr10",134222218,"PWWP2B","body","S_Shelf",0.295,0.497,-0.202,-1.26,-6.605,9.26e-05,0.0233,TRUE,"hypo"
"cg04620466","chr7",73442041,"ELN","promoter","OpenSea",0.216,0.42,-0.205,-1.433,-6.604,9.28e-05,0.0233,TRUE,"hypo"
"cg01207684","chr16",4103167,"ADCY9","body","OpenSea",0.227,0.451,-0.224,-1.51,-6.603,9.29e-05,0.0233,TRUE,"hypo"
"cg10114555","chr1",113216774,"MOV10","promoter","N_Shore",0.357,0.587,-0.231,-1.382,-6.602,9.3e-05,0.0233,TRUE,"hypo"
"cg10245319","chr10",90728242,"ACTA2","promoter","OpenSea",0.608,0.359,0.25,1.491,6.597,9.35e-05,0.0233,TRUE,"hyper"
"cg18110444","chr2",136743460,"DARS","promoter","Island",0.407,0.701,-0.294,-1.799,-6.595,9.37e-05,0.0233,TRUE,"hypo"
"cg08496387","chr11",11862730,"USP47","promoter","N_Shore",0.269,0.536,-0.267,-1.691,-6.594,9.38e-05,0.0234,TRUE,"hypo"
"cg08746775","chr19",48898070,"GRIN2D","promoter","S_Shore",0.407,0.611,-0.204,-1.215,-6.579,9.55e-05,0.0236,TRUE,"hypo"
"cg22847391","chr5",172710766,"","intergenic","Island",0.402,0.677,-0.275,-1.659,-6.569,9.66e-05,0.0237,TRUE,"hypo"
"cg03327829","chr16",1133074,"","intergenic","S_Shelf",0.449,0.663,-0.214,-1.277,-6.565,9.7e-05,0.0238,TRUE,"hypo"
"cg00012362","chr1",153599487,"S100A13;S100A1","promoter","OpenSea",0.139,0.343,-0.204,-1.732,-6.562,9.74e-05,0.0238,TRUE,"hypo"
"cg08049224","chr3",71410800,"FOXP1","promoter","OpenSea",0.287,0.609,-0.323,-2.014,-6.559,9.77e-05,0.0238,TRUE,"hypo"
"cg09276883","chr1",210501966,"HHAT","promoter","N_Shore",0.181,0.418,-0.237,-1.751,-6.559,9.78e-05,0.0239,TRUE,"hypo"
"cg09433843","chr6",52403921,"TRAM2","body","OpenSea",0.682,0.426,0.256,1.563,6.551,9.86e-05,0.0239,TRUE,"hyper"
"cg16408805","chr14",50864343,"CDKL1","promoter","S_Shore",0.128,0.342,-0.214,-1.893,-6.545,9.94e-05,0.024,TRUE,"hypo"
"cg19547392","chr16",75637309,"ADAT1","body","OpenSea",0.323,0.528,-0.205,-1.245,-6.543,9.96e-05,0.024,TRUE,"hypo"
"cg11219400","chr3",36949966,"TRANK1","body","OpenSea",0.483,0.695,-0.212,-1.282,-6.541,9.98e-05,0.024,TRUE,"hypo"
"cg26312017","chr8",119023580,"EXT1","body","OpenSea",0.563,0.36,0.203,1.198,6.539,1e-04,0.024,TRUE,"hyper"
"cg12606891","chr1",7913872,"UTS2","promoter","OpenSea",0.346,0.554,-0.208,-1.246,-6.535,0.000101,0.0241,TRUE,"hypo"
"cg04943129","chr6",6725495,"","intergenic","OpenSea",0.249,0.497,-0.248,-1.609,-6.529,0.000101,0.0242,TRUE,"hypo"
"cg20469139","chr17",29297458,"RNF135","promoter","N_Shore",0.4,0.678,-0.278,-1.69,-6.531,0.000101,0.0241,TRUE,"hypo"
"cg14434111","chr18",56737569,"","intergenic","OpenSea",0.37,0.625,-0.255,-1.534,-6.531,0.000101,0.0241,TRUE,"hypo"
"cg07187641","chr4",160212040,"RAPGEF2","body","OpenSea",0.63,0.409,0.221,1.317,6.523,0.000102,0.0242,TRUE,"hyper"
"cg26643476","chr12",123215684,"GPR81","promoter","OpenSea",0.352,0.664,-0.312,-1.907,-6.522,0.000102,0.0242,TRUE,"hypo"
"cg10257049","chr5",154230308,"C5orf4","promoter","OpenSea",0.528,0.741,-0.213,-1.354,-6.514,0.000103,0.0243,TRUE,"hypo"
"cg15126957","chr5",179246594,"SQSTM1","promoter","N_Shore",0.29,0.497,-0.208,-1.298,-6.512,0.000103,0.0243,TRUE,"hypo"
"cg20169702","chr8",70405204,"SULF1","promoter","OpenSea",0.154,0.373,-0.219,-1.756,-6.516,0.000103,0.0242,TRUE,"hypo"
"cg15350314","chr3",184475101,"LOC101928992","body","OpenSea",0.347,0.602,-0.255,-1.536,-6.504,0.000104,0.0244,TRUE,"hypo"
"cg06521673","chr5",142782072,"NR3C1","promoter","Island",0.249,0.543,-0.294,-1.899,-6.509,0.000104,0.0243,TRUE,"hypo"
"cg26645509","chr2",118944144,"","intergenic","Island",0.162,0.451,-0.289,-2.174,-6.5,0.000105,0.0244,TRUE,"hypo"
"cg11449128","chr6",13874574,"","intergenic","S_Shore",0.281,0.522,-0.24,-1.499,-6.5,0.000105,0.0244,TRUE,"hypo"
"cg10864680","chr13",108922274,"TNFSF13B","promoter","OpenSea",0.135,0.343,-0.208,-1.806,-6.497,0.000105,0.0245,TRUE,"hypo"
"cg02567879","chr1",11761416,"C1orf187","promoter","OpenSea",0.173,0.406,-0.233,-1.763,-6.486,0.000106,0.0245,TRUE,"hypo"
"cg01296395","chr2",36696193,"CRIM1","body","OpenSea",0.528,0.31,0.218,1.319,6.489,0.000106,0.0245,TRUE,"hyper"
"cg02153350","chr3",38388599,"XYLB","body","Island",0.103,0.309,-0.206,-2.053,-6.493,0.000106,0.0245,TRUE,"hypo"
"cg08813539","chr10",29011452,"","intergenic","Island",0.166,0.478,-0.312,-2.304,-6.486,0.000106,0.0245,TRUE,"hypo"
"cg10059484","chr4",183839326,"DCTD","promoter","S_Shore",0.302,0.575,-0.273,-1.68,-6.48,0.000107,0.0245,TRUE,"hypo"
"cg18828365","chr5",78281819,"ARSB","promoter","S_Shore",0.357,0.557,-0.2,-1.196,-6.481,0.000107,0.0245,TRUE,"hypo"
"cg27248148","chr13",101241225,"","intergenic","Island",0.342,0.577,-0.235,-1.409,-6.483,0.000107,0.0245,TRUE,"hypo"
"cg01694488","chr4",1580172,"","intergenic","Island",0.218,0.581,-0.363,-2.395,-6.475,0.000108,0.0246,TRUE,"hypo"
"cg14707948","chr8",141468900,"TRAPPC9","promoter","S_Shore",0.25,0.47,-0.22,-1.444,-6.472,0.000108,0.0246,TRUE,"hypo"
"cg07504984","chr19",44009049,"PHLDB3","promoter","S_Shore",0.179,0.422,-0.243,-1.795,-6.474,0.000108,0.0246,TRUE,"hypo"
"cg05391486","chr1",201123919,"TMEM9","promoter","S_Shore",0.296,0.507,-0.211,-1.307,-6.466,0.000109,0.0247,TRUE,"hypo"
"cg02597936","chr10",93350305,"HECTD2-AS1","body","OpenSea",0.568,0.36,0.208,1.231,6.465,0.000109,0.0247,TRUE,"hyper"
"cg11230222","chr17",40831789,"CCR10","body","Island",0.428,0.648,-0.22,-1.325,-6.467,0.000109,0.0247,TRUE,"hypo"
"cg23468672","chr8",32085421,"NRG1","body","OpenSea",0.437,0.224,0.213,1.435,6.457,0.00011,0.0248,TRUE,"hyper"
"cg12213457","chr12",102090980,"CHPT1","promoter","N_Shore",0.398,0.614,-0.216,-1.279,-6.455,0.00011,0.0248,TRUE,"hypo"
"cg08279217","chr12",110687977,"","intergenic","OpenSea",0.351,0.588,-0.237,-1.416,-6.453,0.000111,0.0248,TRUE,"hypo"
"cg22793817","chr12",125389180,"","intergenic","OpenSea",0.442,0.662,-0.22,-1.322,-6.451,0.000111,0.0248,TRUE,"hypo"
"cg04732303","chr14",76848081,"ESRRB","promoter","OpenSea",0.747,0.539,0.208,1.363,6.451,0.000111,0.0248,TRUE,"hyper"
"cg10209087","chr4",169401183,"DDX60L","promoter","N_Shore",0.347,0.591,-0.245,-1.474,-6.447,0.000112,0.0249,TRUE,"hypo"
"cg25555753","chr19",3133435,"","intergenic","OpenSea",0.165,0.381,-0.217,-1.698,-6.444,0.000112,0.0249,TRUE,"hypo"
"cg24363020","chr3",72706849,"","intergenic","S_Shelf",0.399,0.641,-0.243,-1.452,-6.438,0.000113,0.025,TRUE,"hypo"
"cg09809276","chr6",70576523,"COL19A1","promoter","N_Shore",0.247,0.596,-0.349,-2.248,-6.436,0.000113,0.025,TRUE,"hypo"
"cg15186638","chr8",49231688,"","intergenic","Island",0.427,0.683,-0.256,-1.55,-6.434,0.000113,0.0251,TRUE,"hypo"
"cg19147649","chr16",48657876,"MIR5095","body","OpenSea",0.358,0.559,-0.201,-1.205,-6.437,0.000113,0.025,TRUE,"hypo"
"cg16500916","chr16",54228169,"","intergenic","N_Shore",0.179,0.438,-0.259,-1.915,-6.437,0.000113,0.025,TRUE,"hypo"
"cg14671614","chr5",64769569,"ADAMTS6","promoter","OpenSea",0.558,0.347,0.211,1.267,6.425,0.000114,0.0251,TRUE,"hyper"
"cg03749201","chr12",8115842,"","intergenic","OpenSea",0.275,0.504,-0.229,-1.454,-6.43,0.000114,0.0251,TRUE,"hypo"
"cg20566840","chr12",123215288,"GPR81","promoter","OpenSea",0.504,0.781,-0.277,-1.823,-6.429,0.000114,0.0251,TRUE,"hypo"
"cg02226672","chr16",68398533,"SMPD3","body","OpenSea",0.194,0.403,-0.209,-1.524,-6.425,0.000114,0.0251,TRUE,"hypo"
"cg07416264","chr18",56737526,"","intergenic","OpenSea",0.21,0.416,-0.206,-1.455,-6.431,0.000114,0.0251,TRUE,"hypo"
"cg21870145","chr5",36302644,"RANBP3L","promoter","OpenSea",0.348,0.589,-0.241,-1.447,-6.422,0.000115,0.0252,TRUE,"hypo"
"cg01253805","chr13",78385477,"","intergenic","OpenSea",0.223,0.496,-0.273,-1.832,-6.421,0.000115,0.0252,TRUE,"hypo"
"cg07284445","chr10",113975435,"","intergenic","OpenSea",0.318,0.54,-0.223,-1.361,-6.416,0.000116,0.0252,TRUE,"hypo"
"cg24004692","chr17",73402734,"GRB2","promoter","S_Shore",0.313,0.543,-0.23,-1.412,-6.41,0.000116,0.0253,TRUE,"hypo"
"cg01205267","chr13",47126300,"LRCH1","promoter","N_Shore",0.403,0.605,-0.202,-1.187,-6.403,0.000118,0.0254,TRUE,"hypo"
"cg13923018","chr5",31855380,"PDZD2","body","Island",0.278,0.508,-0.23,-1.448,-6.391,0.000119,0.0256,TRUE,"hypo"
"cg09524591","chr2",221377403,"","intergenic","OpenSea",0.61,0.381,0.23,1.369,6.385,0.00012,0.0257,TRUE,"hyper"
"cg17553606","chr9",33024425,"DNAJA1","promoter","N_Shore",0.302,0.548,-0.246,-1.515,-6.382,0.00012,0.0257,TRUE,"hypo"
"cg08884562","chr11",80716598,"","intergenic","OpenSea",0.557,0.358,0.2,1.18,6.383,0.00012,0.0257,TRUE,"hyper"
"cg18092363","chr18",77202678,"NFATC1","promoter","Island",0.293,0.575,-0.283,-1.747,-6.387,0.00012,0.0256,TRUE,"hypo"
"cg18437839","chr1",201445713,"","intergenic","OpenSea",0.357,0.609,-0.252,-1.515,-6.376,0.000121,0.0258,TRUE,"hypo"
"cg18422587","chr7",3134670,"","intergenic","OpenSea",0.242,0.52,-0.277,-1.812,-6.375,0.000121,0.0258,TRUE,"hypo"
"cg24739382","chr8",41511175,"ANK1","body","Island",0.349,0.659,-0.31,-1.879,-6.376,0.000121,0.0258,TRUE,"hypo"
"cg15199622","chr11",129183190,"","intergenic","OpenSea",0.32,0.552,-0.232,-1.417,-6.376,0.000121,0.0258,TRUE,"hypo"
"cg10863113","chr20",25013345,"ACSS1","promoter","OpenSea",0.222,0.426,-0.205,-1.417,-6.377,0.000121,0.0258,TRUE,"hypo"
"cg26814835","chr20",30195969,"","intergenic","N_Shore",0.223,0.453,-0.23,-1.564,-6.376,0.000121,0.0258,TRUE,"hypo"
"cg00460795","chr2",119998072,"STEAP3","promoter","OpenSea",0.482,0.705,-0.222,-1.365,-6.374,0.000122,0.0258,TRUE,"hypo"
"cg04236915","chr1",21578831,"ECE1","body","OpenSea",0.538,0.323,0.215,1.298,6.364,0.000123,0.026,TRUE,"hyper"
"cg12160637","chr1",40105706,"HEYL","promoter","Island",0.186,0.402,-0.216,-1.604,-6.362,0.000123,0.026,TRUE,"hypo"
"cg01538975","chr8",118862361,"EXT1","body","OpenSea",0.487,0.282,0.205,1.277,6.363,0.000123,0.026,TRUE,"hyper"
"cg21845726","chr10",22915014,"PIP4K2A","body","OpenSea",0.534,0.306,0.229,1.398,6.362,0.000123,0.026,TRUE,"hyper"
"cg07665535","chr16",14397756,"MIR193B","promoter","S_Shore",0.372,0.579,-0.207,-1.229,-6.366,0.000123,0.0259,TRUE,"hypo"
"cg09092171","chr9",36173606,"","intergenic","OpenSea",0.258,0.462,-0.204,-1.33,-6.36,0.000124,0.026,TRUE,"hypo"
"cg12950030","chr14",104356109,"","intergenic","OpenSea",0.166,0.37,-0.204,-1.613,-6.357,0.000124,0.026,TRUE,"hypo"
"cg08690112","chr18",68289390,"","intergenic","OpenSea",0.277,0.539,-0.262,-1.649,-6.354,0.000125,0.026,TRUE,"hypo"
"cg27116365","chr5",137827315,"","intergenic","N_Shore",0.126,0.329,-0.204,-1.818,-6.346,0.000126,0.0261,TRUE,"hypo"
"cg06321883","chr6",70576541,"COL19A1","promoter","N_Shore",0.437,0.695,-0.258,-1.576,-6.335,0.000127,0.0262,TRUE,"hypo"
"cg00400259","chr16",1493859,"CCDC154","body","N_Shore",0.406,0.631,-0.225,-1.334,-6.338,0.000127,0.0262,TRUE,"hypo"
"cg11159295","chr3",52280139,"PPM1M","promoter","Island",0.127,0.34,-0.213,-1.9,-6.332,0.000128,0.0262,TRUE,"hypo"
"cg22931402","chr4",113207418,"TIFA","promoter","S_Shore",0.189,0.419,-0.23,-1.684,-6.322,0.000129,0.0263,TRUE,"hypo"
"cg26404745","chr17",4853717,"PFN1;ENO3","promoter","Island",0.216,0.517,-0.301,-2.032,-6.32,0.00013,0.0263,TRUE,"hypo"
"cg02271790","chr6",10381196,"","intergenic","N_Shore",0.4,0.599,-0.2,-1.177,-6.314,0.000131,0.0264,TRUE,"hypo"
"cg01931919","chr20",39312493,"","intergenic","S_Shore",0.375,0.631,-0.256,-1.543,-6.309,0.000131,0.0264,TRUE,"hypo"
"cg15518113","chr1",167400121,"CD247","body","OpenSea",0.362,0.583,-0.221,-1.319,-6.302,0.000132,0.0265,TRUE,"hypo"
"cg23484899","chr1",244894365,"","intergenic","Island",0.328,0.604,-0.276,-1.68,-6.307,0.000132,0.0265,TRUE,"hypo"
"cg12264723","chr3",141660114,"","intergenic","OpenSea",0.301,0.518,-0.217,-1.341,-6.306,0.000132,0.0265,TRUE,"hypo"
"cg04605980","chr12",117471700,"","intergenic","OpenSea",0.274,0.549,-0.276,-1.729,-6.306,0.000132,0.0265,TRUE,"hypo"
"cg06143732","chr7",129912803,"CPA2","body","OpenSea",0.171,0.38,-0.209,-1.628,-6.297,0.000133,0.0266,TRUE,"hypo"
"cg24438418","chr10",126045978,"","intergenic","OpenSea",0.321,0.54,-0.22,-1.323,-6.3,0.000133,0.0265,TRUE,"hypo"
"cg20438687","chr17",4761644,"MINK1","body","OpenSea",0.382,0.599,-0.217,-1.293,-6.297,0.000133,0.0266,TRUE,"hypo"
"cg04430911","chr1",36914349,"OSCP1","body","N_Shore",0.255,0.458,-0.202,-1.315,-6.296,0.000134,0.0266,TRUE,"hypo"
"cg20986875","chr2",238768641,"RAMP1","body","Island",0.348,0.564,-0.217,-1.306,-6.292,0.000134,0.0266,TRUE,"hypo"
"cg20768638","chr3",36950004,"TRANK1","body","OpenSea",0.445,0.679,-0.233,-1.397,-6.292,0.000134,0.0266,TRUE,"hypo"
"cg13755677","chr9",102871063,"INVS","body","OpenSea",0.68,0.46,0.22,1.328,6.295,0.000134,0.0266,TRUE,"hyper"
"cg08894561","chr17",76347977,"","intergenic","N_Shore",0.321,0.547,-0.226,-1.371,-6.295,0.000134,0.0266,TRUE,"hypo"
"cg05471090","chr18",71959795,"CYB5A","promoter","S_Shore",0.298,0.514,-0.216,-1.333,-6.292,0.000134,0.0266,TRUE,"hypo"
"cg11511680","chr21",34775039,"IFNGR2","promoter","N_Shore",0.241,0.456,-0.215,-1.411,-6.293,0.000134,0.0266,TRUE,"hypo"
"cg04906283","chr14",77965859,"ISM2","promoter","S_Shore",0.501,0.702,-0.201,-1.24,-6.283,0.000136,0.0267,TRUE,"hypo"
"cg12464177","chr17",34035269,"AP2B1","body","OpenSea",0.425,0.635,-0.21,-1.246,-6.282,0.000136,0.0267,TRUE,"hypo"
"cg26208930","chr1",3607425,"TP73","promoter","Island",0.212,0.421,-0.209,-1.474,-6.273,0.000137,0.0268,TRUE,"hypo"
"cg26064460","chr1",23703928,"","intergenic","OpenSea",0.321,0.555,-0.235,-1.433,-6.276,0.000137,0.0268,TRUE,"hypo"
"cg04267686","chr6",105907265,"","intergenic","OpenSea",0.771,0.563,0.208,1.404,6.275,0.000137,0.0268,TRUE,"hyper"
"cg18707985","chr10",16627177,"","intergenic","OpenSea",0.302,0.513,-0.211,-1.311,-6.268,0.000138,0.0269,TRUE,"hypo"
"cg09527886","chr7",2872954,"GNA12","body","OpenSea",0.466,0.702,-0.236,-1.44,-6.265,0.000139,0.0269,TRUE,"hypo"
"cg15674917","chr9",123836703,"","intergenic","Island",0.326,0.587,-0.261,-1.579,-6.264,0.000139,0.0269,TRUE,"hypo"
"cg15530946","chr14",75469136,"EIF2B2","promoter","N_Shore",0.155,0.401,-0.246,-1.95,-6.261,0.000139,0.0269,TRUE,"hypo"
"cg23268208","chr22",30476345,"HORMAD2","promoter","Island",0.257,0.52,-0.263,-1.695,-6.26,0.000139,0.0269,TRUE,"hypo"
"cg09963123","chr4",38664654,"FLJ13197;KLF3","promoter","Island",0.352,0.574,-0.222,-1.319,-6.255,0.00014,0.027,TRUE,"hypo"
"cg23302804","chr9",93976505,"AUH","body","OpenSea",0.498,0.263,0.235,1.493,6.255,0.00014,0.027,TRUE,"hyper"
"cg22972360","chr12",78592883,"NAV3","body","OpenSea",0.365,0.607,-0.243,-1.454,-6.259,0.00014,0.0269,TRUE,"hypo"
"cg08079330","chr14",76847792,"ESRRB","promoter","S_Shelf",0.63,0.363,0.267,1.613,6.256,0.00014,0.027,TRUE,"hyper"
"cg24082339","chr5",167372659,"TENM2","body","OpenSea",0.616,0.402,0.215,1.275,6.252,0.000141,0.027,TRUE,"hyper"
"cg23833461","chr17",9929528,"GAS7","promoter","OpenSea",0.615,0.831,-0.217,-1.644,-6.247,0.000142,0.0271,TRUE,"hypo"
"cg20644981","chr4",152020400,"RPS3A","promoter","N_Shore",0.433,0.657,-0.224,-1.338,-6.242,0.000143,0.0271,TRUE,"hypo"
"cg04812475","chr9",17906561,"","intergenic","Island",0.71,0.489,0.222,1.367,6.237,0.000143,0.0271,TRUE,"hyper"
"cg00414835","chr10",48439452,"GDF10","promoter","S_Shore",0.373,0.66,-0.287,-1.74,-6.237,0.000143,0.0271,TRUE,"hypo"
"cg09797337","chr13",112709538,"","intergenic","N_Shore",0.45,0.709,-0.26,-1.613,-6.24,0.000143,0.0271,TRUE,"hypo"
"cg08322244","chr17",8066669,"VAMP2","promoter","S_Shore",0.405,0.677,-0.271,-1.644,-6.241,0.000143,0.0271,TRUE,"hypo"
"cg19729693","chr17",45948135,"","intergenic","N_Shore",0.54,0.312,0.228,1.396,6.239,0.000143,0.0271,TRUE,"hyper"
"cg03537184","chr3",33686800,"CLASP2","body","OpenSea",0.389,0.605,-0.216,-1.282,-6.235,0.000144,0.0271,TRUE,"hypo"
"cg05642379","chr15",93351914,"","intergenic","N_Shore",0.518,0.747,-0.229,-1.461,-6.233,0.000144,0.0271,TRUE,"hypo"
"cg23026211","chr1",154378330,"IL6R","body","Island",0.186,0.398,-0.212,-1.571,-6.23,0.000145,0.0272,TRUE,"hypo"
"cg03238090","chr2",8666220,"","intergenic","OpenSea",0.35,0.581,-0.231,-1.382,-6.226,0.000145,0.0272,TRUE,"hypo"
"cg21334048","chr17",79450925,"","intergenic","Island",0.339,0.539,-0.2,-1.199,-6.226,0.000145,0.0272,TRUE,"hypo"
"cg21768204","chr1",44399428,"ARTN","promoter","Island",0.296,0.562,-0.266,-1.65,-6.221,0.000146,0.0272,TRUE,"hypo"
"cg25898146","chr8",1992746,"MYOM2","promoter","OpenSea",0.509,0.719,-0.21,-1.313,-6.224,0.000146,0.0272,TRUE,"hypo"
"cg24385801","chr9",19103287,"HAUS6","promoter","S_Shore",0.205,0.405,-0.2,-1.428,-6.224,0.000146,0.0272,TRUE,"hypo"
"cg04697598","chr15",37048064,"C15orf41","body","OpenSea",0.523,0.762,-0.239,-1.556,-6.22,0.000146,0.0273,TRUE,"hypo"
"cg02301019","chr16",85465191,"","intergenic","Island",0.402,0.629,-0.227,-1.354,-6.223,0.000146,0.0272,TRUE,"hypo"
"cg15027262","chr5",122180440,"SNX24","promoter","N_Shore",0.432,0.651,-0.219,-1.309,-6.215,0.000147,0.0273,TRUE,"hypo"
"cg09518226","chr9",129174148,"NRON;MVB12B","promoter","OpenSea",0.149,0.366,-0.217,-1.773,-6.219,0.000147,0.0273,TRUE,"hypo"
"cg17600256","chr12",6561227,"CD27-AS1;TAPBPL","promoter","OpenSea",0.2,0.439,-0.239,-1.7,-6.216,0.000147,0.0273,TRUE,"hypo"
"cg19395684","chr12",117147684,"","intergenic","OpenSea",0.393,0.654,-0.261,-1.578,-6.216,0.000147,0.0273,TRUE,"hypo"
"cg17095637","chr13",60452306,"DIAPH3","body","OpenSea",0.587,0.38,0.207,1.229,6.206,0.000149,0.0274,TRUE,"hyper"
"cg22775535","chr13",109329092,"MYO16","body","OpenSea",0.577,0.331,0.246,1.476,6.207,0.000149,0.0274,TRUE,"hyper"
"cg10394898","chr15",69755745,"","intergenic","OpenSea",0.309,0.53,-0.221,-1.358,-6.203,0.000149,0.0274,TRUE,"hypo"
"cg25858132","chr17",1808671,"","intergenic","Island",0.438,0.676,-0.238,-1.44,-6.204,0.000149,0.0274,TRUE,"hypo"
"cg26246398","chr22",32287563,"DEPDC5","body","OpenSea",0.256,0.504,-0.248,-1.598,-6.206,0.000149,0.0274,TRUE,"hypo"
"cg09654471","chr3",4624132,"ITPR1","body","OpenSea",0.352,0.609,-0.258,-1.546,-6.193,0.000151,0.0275,TRUE,"hypo"
"cg00922748","chr12",2944322,"NRIP2","promoter","OpenSea",0.291,0.533,-0.242,-1.5,-6.194,0.000151,0.0275,TRUE,"hypo"
"cg17683793","chr1",163173085,"RGS5;LOC101928404","promoter","OpenSea",0.479,0.253,0.226,1.446,6.19,0.000152,0.0275,TRUE,"hyper"
"cg10957242","chr4",184826299,"STOX2","promoter","Island",0.299,0.59,-0.291,-1.786,-6.19,0.000152,0.0275,TRUE,"hypo"
"cg03954861","chr12",6561352,"TAPBPL;LOC678655","promoter","OpenSea",0.368,0.58,-0.212,-1.257,-6.188,0.000152,0.0276,TRUE,"hypo"
"cg13805416","chr4",186454178,"PDLIM3","body","N_Shore",0.566,0.332,0.234,1.406,6.185,0.000153,0.0276,TRUE,"hyper"
"cg02927327","chr6",35265759,"DEF6","body","OpenSea",0.378,0.58,-0.201,-1.196,-6.182,0.000153,0.0276,TRUE,"hypo"
"cg27182761","chr12",76426593,"PHLDA1","promoter","S_Shore",0.434,0.64,-0.206,-1.224,-6.185,0.000153,0.0276,TRUE,"hypo"
"cg05161673","chr4",186316570,"ANKRD37","promoter","N_Shore",0.198,0.453,-0.255,-1.796,-6.177,0.000154,0.0277,TRUE,"hypo"
"cg26872028","chr5",100240223,"ST8SIA4","promoter","S_Shore",0.422,0.671,-0.249,-1.502,-6.173,0.000155,0.0277,TRUE,"hypo"
"cg18708233","chr10",74451549,"CCDC109A","promoter","N_Shore",0.676,0.454,0.222,1.346,6.172,0.000155,0.0277,TRUE,"hyper"
"cg14753355","chr19",16999668,"F2RL3","promoter","N_Shore",0.351,0.635,-0.284,-1.726,-6.174,0.000155,0.0277,TRUE,"hypo"
"cg19940065","chr22",19701734,"SEPT5","promoter","Island",0.345,0.604,-0.259,-1.568,-6.173,0.000155,0.0277,TRUE,"hypo"
"cg09863265","chr1",115594714,"TSPAN2","body","OpenSea",0.304,0.517,-0.214,-1.311,-6.166,0.000156,0.0278,TRUE,"hypo"
"cg25214458","chr1",25467218,"","intergenic","OpenSea",0.34,0.544,-0.204,-1.231,-6.159,0.000157,0.0279,TRUE,"hypo"
"cg18884670","chr6",41885377,"MED20","promoter","N_Shelf",0.561,0.317,0.244,1.481,6.164,0.000157,0.0278,TRUE,"hyper"
"cg05083852","chr16",81480610,"CMIP","body","S_Shore",0.331,0.654,-0.324,-1.997,-6.16,0.000157,0.0279,TRUE,"hypo"
"cg23223981","chr3",101809834,"","intergenic","OpenSea",0.57,0.319,0.251,1.519,6.156,0.000158,0.028,TRUE,"hyper"
"cg23816247","chr8",104153827,"BAALC;C8orf56","promoter","S_Shore",0.253,0.471,-0.218,-1.419,-6.156,0.000158,0.028,TRUE,"hypo"
"cg06952719","chr11",67889381,"CHKA","promoter","Island",0.309,0.521,-0.212,-1.295,-6.159,0.000158,0.028,TRUE,"hypo"
"cg06419402","chr22",41773436,"TEF","body","N_Shelf",0.235,0.439,-0.204,-1.375,-6.146,0.00016,0.0282,TRUE,"hypo"
"cg26658371","chr16",50186366,"PAPD5","promoter","OpenSea",0.253,0.474,-0.221,-1.445,-6.134,0.000162,0.0283,TRUE,"hypo"
"cg27289770","chr19",44263735,"","intergenic","OpenSea",0.337,0.55,-0.213,-1.274,-6.139,0.000162,0.0282,TRUE,"hypo"
"cg13247402","chr14",96087205,"","intergenic","OpenSea",0.211,0.445,-0.234,-1.643,-6.131,0.000163,0.0284,TRUE,"hypo"
"cg08489349","chr17",656181,"ELP2P;GEMIN4","promoter","Island",0.401,0.609,-0.208,-1.229,-6.133,0.000163,0.0283,TRUE,"hypo"
"cg12723019","chr5",14298377,"TRIO","body","OpenSea",0.195,0.406,-0.21,-1.535,-6.128,0.000164,0.0284,TRUE,"hypo"
"cg00400861","chr5",140306930,"PCDHAC1;PCDHA1;PCDHA2;PCDHA3;PCDHA4;PCDHA5;PCDHA6;PCDHA7;PCDHA8;PCDHA9;PCDHA10;PCDHA11;PCDHA12;PCDHA13","promoter","Island",0.217,0.422,-0.206,-1.444,-6.123,0.000165,0.0285,TRUE,"hypo"
"cg08738571","chr12",32655192,"FGD4","promoter","OpenSea",0.262,0.515,-0.253,-1.624,-6.118,0.000166,0.0286,TRUE,"hypo"
"cg22972858","chr12",123215248,"GPR81","promoter","OpenSea",0.39,0.625,-0.234,-1.395,-6.114,0.000166,0.0287,TRUE,"hypo"
"cg22400703","chr2",68545995,"CNRIP1","body","N_Shore",0.357,0.577,-0.22,-1.319,-6.106,0.000168,0.0288,TRUE,"hypo"
"cg15353612","chr4",52904965,"SGCB","promoter","S_Shore",0.181,0.386,-0.204,-1.554,-6.106,0.000168,0.0288,TRUE,"hypo"
"cg26953293","chr16",85684108,"KIAA0182","body","Island",0.391,0.612,-0.222,-1.327,-6.107,0.000168,0.0288,TRUE,"hypo"
"cg27569706","chr2",33173163,"LTBP1","body","Island",0.471,0.687,-0.216,-1.318,-6.099,0.00017,0.0289,TRUE,"hypo"
"cg06783429","chr7",127673038,"SND1","body","S_Shore",0.284,0.516,-0.232,-1.456,-6.093,0.000171,0.029,TRUE,"hypo"
"cg24830730","chr7",150653195,"KCNH2","promoter","N_Shore",0.136,0.35,-0.215,-1.794,-6.089,0.000172,0.029,TRUE,"hypo"
"cg06220383","chr15",90850261,"","intergenic","OpenSea",0.178,0.395,-0.217,-1.652,-6.087,0.000172,0.0291,TRUE,"hypo"
"cg01274753","chr16",605144,"","intergenic","Island",0.458,0.694,-0.236,-1.431,-6.087,0.000172,0.0291,TRUE,"hypo"
"cg25485435","chr2",238767502,"RAMP1","promoter","N_Shore",0.224,0.43,-0.206,-1.417,-6.084,0.000173,0.0291,TRUE,"hypo"
"cg00809888","chr4",76862425,"NAAA","promoter","Island",0.433,0.649,-0.217,-1.294,-6.083,0.000173,0.0291,TRUE,"hypo"
"cg23986335","chr2",18059456,"KCNS3","promoter","N_Shore",0.314,0.601,-0.287,-1.771,-6.077,0.000174,0.0292,TRUE,"hypo"
"cg15435557","chr17",55714905,"MSI2","body","OpenSea",0.389,0.679,-0.29,-1.761,-6.077,0.000174,0.0292,TRUE,"hypo"
"cg27578381","chr17",76814686,"USP36","body","OpenSea",0.179,0.408,-0.229,-1.723,-6.079,0.000174,0.0292,TRUE,"hypo"
"cg08535727","chr5",59131691,"PDE4D","body","OpenSea",0.391,0.149,0.242,1.863,6.075,0.000175,0.0292,TRUE,"hyper"
"cg13245431","chr22",30476525,"HORMAD2","promoter","Island",0.294,0.566,-0.271,-1.687,-6.073,0.000175,0.0293,TRUE,"hypo"
"cg01523938","chr4",2011850,"NELFA","promoter","S_Shore",0.262,0.503,-0.241,-1.55,-6.069,0.000176,0.0293,TRUE,"hypo"
"cg03822198","chr12",116997535,"MAP1LC3B2","promoter","OpenSea",0.464,0.689,-0.225,-1.364,-6.067,0.000176,0.0293,TRUE,"hypo"
"cg17697049","chr2",167090890,"LOC101929680;SCN9A","body","OpenSea",0.516,0.267,0.249,1.558,6.064,0.000177,0.0293,TRUE,"hyper"
"cg22734014","chr6",170571810,"LOC154449","promoter","OpenSea",0.299,0.506,-0.208,-1.294,-6.066,0.000177,0.0293,TRUE,"hypo"
"cg04572930","chr7",4754834,"FOXK1","body","N_Shelf",0.369,0.657,-0.289,-1.755,-6.065,0.000177,0.0293,TRUE,"hypo"
"cg05018835","chr14",91338327,"RPS6KA5","body","OpenSea",0.32,0.544,-0.224,-1.372,-6.065,0.000177,0.0293,TRUE,"hypo"
"cg25792593","chr19",8559219,"PRAM1","body","S_Shelf",0.308,0.522,-0.214,-1.32,-6.064,0.000177,0.0293,TRUE,"hypo"
"cg11923617","chr19",46105466,"GPR4","promoter","Island",0.143,0.355,-0.213,-1.774,-6.059,0.000178,0.0294,TRUE,"hypo"
"cg01964850","chr5",61601647,"KIF2A","promoter","Island",0.311,0.515,-0.204,-1.245,-6.057,0.000179,0.0294,TRUE,"hypo"
"cg22789065","chr7",129912627,"CPA2","body","OpenSea",0.279,0.595,-0.316,-1.99,-6.049,0.00018,0.0295,TRUE,"hypo"
"cg04934382","chr17",77766335,"","intergenic","Island",0.439,0.65,-0.211,-1.259,-6.05,0.00018,0.0295,TRUE,"hypo"
"cg00100804","chr9",123836087,"","intergenic","N_Shore",0.375,0.592,-0.217,-1.282,-6.047,0.000181,0.0295,TRUE,"hypo"
"cg09375756","chr11",692963,"DEAF1","body","N_Shore",0.301,0.563,-0.261,-1.612,-6.047,0.000181,0.0295,TRUE,"hypo"
"cg19643318","chr8",70378354,"SULF1","promoter","OpenSea",0.415,0.616,-0.201,-1.18,-6.04,0.000182,0.0296,TRUE,"hypo"
"cg22666013","chr2",197792289,"PGAP1","promoter","S_Shore",0.286,0.546,-0.259,-1.629,-6.036,0.000183,0.0297,TRUE,"hypo"
"cg23824264","chr2",11539048,"LINC00570","body","OpenSea",0.215,0.441,-0.226,-1.577,-6.034,0.000184,0.0297,TRUE,"hypo"
"cg20126681","chr5",64494760,"ADAMTS6","body","OpenSea",0.38,0.176,0.203,1.507,6.034,0.000184,0.0297,TRUE,"hyper"
"cg10978034","chr6",33129988,"","intergenic","S_Shore",0.405,0.633,-0.228,-1.361,-6.034,0.000184,0.0297,TRUE,"hypo"
"cg02729269","chr16",127772,"MPG","promoter","Island",0.173,0.373,-0.2,-1.544,-6.034,0.000184,0.0297,TRUE,"hypo"
"cg27049539","chr2",234395837,"USP40","body","OpenSea",0.539,0.336,0.203,1.215,6.026,0.000185,0.0298,TRUE,"hyper"
"cg11927924","chr13",51564238,"","intergenic","OpenSea",0.205,0.422,-0.217,-1.532,-6.027,0.000185,0.0298,TRUE,"hypo"
"cg13250850","chr1",76250734,"RABGGTB","promoter","OpenSea",0.35,0.617,-0.266,-1.594,-6.016,0.000188,0.03,TRUE,"hypo"
"cg09570250","chr4",110676767,"CFI","body","OpenSea",0.436,0.643,-0.208,-1.233,-6.013,0.000188,0.03,TRUE,"hypo"
"cg05746014","chr6",107860875,"SOBP","body","OpenSea",0.398,0.598,-0.201,-1.188,-6.011,0.000189,0.0301,TRUE,"hypo"
"cg24902920","chr6",10416373,"TFAP2A","promoter","N_Shore",0.315,0.515,-0.2,-1.221,-6.006,0.00019,0.0301,TRUE,"hypo"
"cg25344401","chr7",4755415,"FOXK1","body","N_Shelf",0.247,0.464,-0.217,-1.435,-6.008,0.00019,0.0301,TRUE,"hypo"
"cg11369564","chr16",70613738,"IL34","promoter","OpenSea",0.376,0.585,-0.21,-1.247,-5.999,0.000192,0.0303,TRUE,"hypo"
"cg03463411","chr4",81118188,"PRDM8","promoter","Island",0.309,0.56,-0.25,-1.534,-5.993,0.000193,0.0304,TRUE,"hypo"
"cg16932285","chr12",7188165,"C1R","body","OpenSea",0.664,0.464,0.2,1.211,5.994,0.000193,0.0304,TRUE,"hyper"
"cg01604411","chr19",41834514,"","intergenic","N_Shelf",0.342,0.544,-0.202,-1.218,-5.994,0.000193,0.0304,TRUE,"hypo"
"cg12760041","chr2",211036890,"C2orf67","promoter","S_Shore",0.34,0.632,-0.292,-1.797,-5.987,0.000195,0.0305,TRUE,"hypo"
"cg20562705","chr6",107563268,"PDSS2","body","OpenSea",0.334,0.685,-0.351,-2.17,-5.986,0.000195,0.0305,TRUE,"hypo"
"cg22431093","chr12",32654992,"FGD4","promoter","OpenSea",0.253,0.491,-0.239,-1.553,-5.983,0.000196,0.0305,TRUE,"hypo"
"cg14172849","chr14",104171259,"XRCC3","body","OpenSea",0.283,0.505,-0.222,-1.399,-5.981,0.000196,0.0305,TRUE,"hypo"
"cg14141459","chr7",105029895,"SRPK2","promoter","S_Shore",0.278,0.564,-0.286,-1.804,-5.98,0.000197,0.0305,TRUE,"hypo"
"cg12869305","chr8",49533187,"LOC101929217;LOC101929268","body","OpenSea",0.305,0.56,-0.255,-1.571,-5.977,0.000197,0.0306,TRUE,"hypo"
"cg02202169","chr13",41241867,"FOXO1","promoter","S_Shore",0.212,0.413,-0.201,-1.43,-5.98,0.000197,0.0305,TRUE,"hypo"
"cg14516473","chr19",4338140,"STAP2","body","OpenSea",0.353,0.582,-0.229,-1.382,-5.979,0.000197,0.0306,TRUE,"hypo"
"cg20161791","chr7",2558431,"LFNG","promoter","Island",0.18,0.405,-0.225,-1.688,-5.974,0.000198,0.0306,TRUE,"hypo"
"cg27267690","chr1",226335449,"ACBD3","body","OpenSea",0.652,0.44,0.212,1.276,5.97,0.000199,0.0306,TRUE,"hyper"
"cg05618683","chr10",95040444,"","intergenic","OpenSea",0.238,0.442,-0.203,-1.364,-5.97,0.000199,0.0306,TRUE,"hypo"
"cg18431377","chr14",52012082,"FRMD6-AS2;FRMD6","promoter","OpenSea",0.207,0.412,-0.205,-1.452,-5.968,0.000199,0.0307,TRUE,"hypo"
"cg24259310","chr6",88197377,"SLC35A1","body","OpenSea",0.66,0.449,0.212,1.269,5.967,2e-04,0.0307,TRUE,"hyper"
"cg03932039","chr10",126296171,"LHPP","body","OpenSea",0.204,0.467,-0.262,-1.827,-5.967,2e-04,0.0307,TRUE,"hypo"
"cg04194678","chr20",25013842,"ACSS1","promoter","OpenSea",0.178,0.392,-0.214,-1.635,-5.966,2e-04,0.0307,TRUE,"hypo"
"cg13050953","chr17",41392664,"","intergenic","Island",0.347,0.547,-0.2,-1.194,-5.963,0.000201,0.0307,TRUE,"hypo"
"cg05697866","chr1",2437200,"","intergenic","S_Shore",0.408,0.62,-0.211,-1.248,-5.954,0.000203,0.0309,TRUE,"hypo"
"cg22853371","chr10",54068630,"","intergenic","OpenSea",0.494,0.704,-0.21,-1.313,-5.954,0.000203,0.0309,TRUE,"hypo"
"cg22749642","chr11",857033,"TSPAN4","promoter","N_Shore",0.35,0.658,-0.308,-1.88,-5.953,0.000203,0.0309,TRUE,"hypo"
"cg24010952","chr14",96670862,"BDKRB2","promoter","OpenSea",0.266,0.475,-0.208,-1.344,-5.954,0.000203,0.0309,TRUE,"hypo"
"cg23955764","chr2",7198099,"","intergenic","OpenSea",0.249,0.449,-0.2,-1.328,-5.951,0.000204,0.0309,TRUE,"hypo"
"cg04270085","chr2",12223636,"","intergenic","OpenSea",0.277,0.575,-0.298,-1.884,-5.949,0.000204,0.0309,TRUE,"hypo"
"cg17739573","chr4",74905354,"CXCL3","promoter","S_Shore",0.508,0.268,0.241,1.505,5.946,0.000205,0.031,TRUE,"hyper"
"cg14590843","chr5",37838290,"GDNF","promoter","Island",0.429,0.674,-0.245,-1.471,-5.942,0.000206,0.031,TRUE,"hypo"
"cg21139150","chr21",46976175,"","intergenic","Island",0.128,0.334,-0.206,-1.751,-5.941,0.000206,0.031,TRUE,"hypo"
"cg11674130","chr22",50523689,"MLC1","promoter","OpenSea",0.335,0.576,-0.241,-1.449,-5.943,0.000206,0.031,TRUE,"hypo"
"cg11440041","chr21",45961254,"KRTAP10-1;TSPEAR","promoter","OpenSea",0.565,0.338,0.227,1.36,5.939,0.000207,0.0311,TRUE,"hyper"
"cg05693982","chr12",12940390,"APOLD1","body","Island",0.392,0.625,-0.233,-1.386,-5.934,0.000208,0.0312,TRUE,"hypo"
"cg20361407","chr2",242497928,"BOK-AS1;BOK","promoter","N_Shore",0.227,0.452,-0.225,-1.52,-5.928,0.000209,0.0312,TRUE,"hypo"
"cg05758861","chr8",143580823,"BAI1","body","Island",0.412,0.614,-0.203,-1.204,-5.93,0.000209,0.0312,TRUE,"hypo"
"cg02501827","chr11",11862879,"USP47","promoter","N_Shore",0.291,0.518,-0.226,-1.408,-5.932,0.000209,0.0312,TRUE,"hypo"
"cg02305850","chr11",126152462,"TIRAP","promoter","N_Shore",0.302,0.515,-0.214,-1.319,-5.929,0.000209,0.0312,TRUE,"hypo"
"cg10643916","chr15",69754609,"","intergenic","OpenSea",0.445,0.669,-0.223,-1.352,-5.928,0.000209,0.0312,TRUE,"hypo"
"cg02801487","chr5",62015875,"","intergenic","OpenSea",0.428,0.683,-0.254,-1.54,-5.923,0.000211,0.0313,TRUE,"hypo"
"cg18171212","chr7",91187648,"","intergenic","OpenSea",0.409,0.196,0.213,1.499,5.921,0.000211,0.0313,TRUE,"hyper"
"cg07385577","chr21",47394015,"","intergenic","Island",0.14,0.373,-0.233,-1.974,-5.924,0.000211,0.0313,TRUE,"hypo"
"cg11541897","chr5",78281793,"ARSB","promoter","S_Shore",0.42,0.627,-0.207,-1.231,-5.919,0.000212,0.0313,TRUE,"hypo"
"cg00480331","chr3",187455371,"BCL6","promoter","Island",0.379,0.598,-0.218,-1.289,-5.916,0.000213,0.0314,TRUE,"hypo"
"cg17606745","chr8",61822447,"","intergenic","Island",0.373,0.65,-0.277,-1.691,-5.917,0.000213,0.0314,TRUE,"hypo"
"cg03611265","chr12",13132894,"HEBP1","body","OpenSea",0.716,0.515,0.201,1.265,5.916,0.000213,0.0314,TRUE,"hyper"
"cg10637349","chr14",104178545,"XRCC3","promoter","N_Shelf",0.256,0.496,-0.24,-1.56,-5.917,0.000213,0.0314,TRUE,"hypo"
"cg15471946","chr21",40686621,"BRWD1","promoter","S_Shore",0.314,0.541,-0.227,-1.391,-5.91,0.000214,0.0314,TRUE,"hypo"
"cg09249036","chr1",9430190,"","intergenic","S_Shelf",0.276,0.484,-0.209,-1.326,-5.906,0.000215,0.0315,TRUE,"hypo"
"cg23020090","chr4",39809967,"","intergenic","OpenSea",0.319,0.523,-0.204,-1.251,-5.906,0.000215,0.0315,TRUE,"hypo"
"cg22381069","chr11",108338960,"C11orf65","promoter","OpenSea",0.176,0.406,-0.23,-1.744,-5.908,0.000215,0.0314,TRUE,"hypo"
"cg13870198","chr19",10347419,"","intergenic","OpenSea",0.264,0.519,-0.255,-1.64,-5.902,0.000216,0.0315,TRUE,"hypo"
"cg03322548","chr4",331119,"ZNF141","promoter","Island",0.545,0.281,0.264,1.638,5.898,0.000217,0.0316,TRUE,"hyper"
"cg23835104","chr5",142525129,"ARHGAP26","body","OpenSea",0.37,0.574,-0.204,-1.21,-5.897,0.000218,0.0316,TRUE,"hypo"
"cg02220418","chr10",130831421,"","intergenic","OpenSea",0.394,0.628,-0.234,-1.395,-5.889,0.00022,0.0318,TRUE,"hypo"
"cg18590431","chr11",121453066,"SORL1","body","OpenSea",0.449,0.671,-0.222,-1.325,-5.888,0.00022,0.0318,TRUE,"hypo"
"cg16676082","chr4",184906435,"STOX2","body","OpenSea",0.449,0.227,0.222,1.474,5.882,0.000222,0.0319,TRUE,"hyper"
"cg01567563","chr6",90685843,"BACH2","body","OpenSea",0.194,0.434,-0.241,-1.735,-5.879,0.000223,0.0319,TRUE,"hypo"
"cg26461589","chr9",131549295,"TBC1D13","promoter","Island",0.338,0.542,-0.204,-1.229,-5.878,0.000223,0.0319,TRUE,"hypo"
"cg23275958","chr17",75503249,"","intergenic","OpenSea",0.349,0.579,-0.23,-1.383,-5.879,0.000223,0.0319,TRUE,"hypo"
"cg01162037","chr19",54926623,"TTYH1","promoter","N_Shore",0.559,0.355,0.204,1.218,5.874,0.000224,0.0319,TRUE,"hyper"
"cg08335254","chr11",123430575,"GRAMD1B","body","OpenSea",0.206,0.41,-0.204,-1.463,-5.873,0.000225,0.032,TRUE,"hypo"
"cg21079646","chr13",113333720,"C13orf35","body","OpenSea",0.693,0.49,0.203,1.252,5.868,0.000226,0.0321,TRUE,"hyper"
"cg04053572","chr1",163038665,"RGS4","promoter","OpenSea",0.289,0.499,-0.21,-1.32,-5.859,0.000228,0.0322,TRUE,"hypo"
"cg13959440","chr8",108767862,"","intergenic","OpenSea",0.407,0.617,-0.21,-1.239,-5.862,0.000228,0.0322,TRUE,"hypo"
"cg04455015","chr14",50864415,"CDKL1","promoter","S_Shore",0.153,0.356,-0.203,-1.679,-5.862,0.000228,0.0322,TRUE,"hypo"
"cg13032272","chr17",63096456,"LOC100507002","promoter","N_Shore",0.42,0.622,-0.203,-1.206,-5.855,0.00023,0.0323,TRUE,"hypo"
"cg23417875","chr2",102313069,"MAP4K4","promoter","N_Shore",0.445,0.652,-0.207,-1.235,-5.85,0.000231,0.0324,TRUE,"hypo"
"cg27161585","chr5",140018682,"TMCO6","promoter","N_Shore",0.479,0.681,-0.202,-1.224,-5.851,0.000231,0.0324,TRUE,"hypo"
"cg19356322","chr5",68534736,"CDK7","body","S_Shelf",0.656,0.422,0.233,1.406,5.847,0.000232,0.0324,TRUE,"hyper"
"cg08243626","chr10",6442501,"","intergenic","OpenSea",0.356,0.574,-0.217,-1.295,-5.845,0.000233,0.0325,TRUE,"hypo"
"cg06273075","chr16",14397688,"MIR193B","promoter","S_Shore",0.265,0.533,-0.268,-1.715,-5.842,0.000233,0.0325,TRUE,"hypo"
"cg01141459","chr22",30476452,"HORMAD2","promoter","Island",0.379,0.665,-0.286,-1.729,-5.841,0.000234,0.0325,TRUE,"hypo"
"cg17023193","chr1",33560594,"AZIN2","body","OpenSea",0.403,0.605,-0.202,-1.198,-5.838,0.000235,0.0326,TRUE,"hypo"
"cg11346282","chr2",39638942,"MAP4K3","body","OpenSea",0.679,0.464,0.215,1.307,5.832,0.000236,0.0327,TRUE,"hyper"
"cg04606480","chr3",50292835,"GNAI2","body","OpenSea",0.311,0.525,-0.215,-1.318,-5.834,0.000236,0.0327,TRUE,"hypo"
"cg01574788","chr16",12184133,"SNX29","body","OpenSea",0.407,0.633,-0.226,-1.353,-5.835,0.000236,0.0327,TRUE,"hypo"
"cg15478863","chr16",68125932,"NFATC3","body","OpenSea",0.195,0.439,-0.244,-1.759,-5.834,0.000236,0.0327,TRUE,"hypo"
"cg01574996","chr2",152212629,"TNFAIP6;LOC101929319","promoter","OpenSea",0.368,0.603,-0.234,-1.404,-5.828,0.000238,0.0328,TRUE,"hypo"
"cg09423836","chr4",77070069,"NUP54","promoter","S_Shore",0.283,0.496,-0.213,-1.337,-5.826,0.000238,0.0328,TRUE,"hypo"
"cg12077664","chr12",125145446,"","intergenic","Island",0.443,0.653,-0.21,-1.249,-5.827,0.000238,0.0328,TRUE,"hypo"
"cg24365837","chr1",10509935,"APITD1;CORT","promoter","OpenSea",0.409,0.616,-0.207,-1.222,-5.824,0.000239,0.0328,TRUE,"hypo"
"cg17404749","chr4",186202012,"SNX25","body","OpenSea",0.286,0.495,-0.208,-1.316,-5.824,0.000239,0.0328,TRUE,"hypo"
"cg06246435","chr19",15387961,"BRD4","promoter","OpenSea",0.273,0.53,-0.257,-1.624,-5.82,0.00024,0.0329,TRUE,"hypo"
"cg10642175","chr14",91862874,"CCDC88C","body","OpenSea",0.251,0.456,-0.204,-1.347,-5.812,0.000243,0.033,TRUE,"hypo"
"cg26312071","chr15",90727783,"SEMA4B","promoter","N_Shore",0.483,0.713,-0.231,-1.431,-5.81,0.000243,0.0331,TRUE,"hypo"
"cg04225088","chr11",33278186,"HIPK3","promoter","N_Shore",0.238,0.452,-0.214,-1.441,-5.803,0.000245,0.0332,TRUE,"hypo"
"cg21576525","chr17",80796712,"TBCD;ZNF750","promoter","OpenSea",0.174,0.462,-0.289,-2.12,-5.805,0.000245,0.0331,TRUE,"hypo"
"cg00688591","chr13",113097140,"","intergenic","OpenSea",0.355,0.646,-0.291,-1.775,-5.8,0.000246,0.0332,TRUE,"hypo"
"cg00188868","chr13",68090252,"","intergenic","OpenSea",0.619,0.404,0.215,1.267,5.798,0.000247,0.0333,TRUE,"hyper"
"cg16586530","chr1",38757902,"","intergenic","OpenSea",0.544,0.747,-0.203,-1.309,-5.793,0.000248,0.0334,TRUE,"hypo"
"cg13514175","chr17",1673692,"SERPINF1","body","OpenSea",0.382,0.608,-0.226,-1.345,-5.795,0.000248,0.0333,TRUE,"hypo"
"cg07980164","chr19",44009042,"PHLDB3","promoter","S_Shore",0.191,0.406,-0.216,-1.586,-5.792,0.000249,0.0334,TRUE,"hypo"
"cg25724843","chr19",47488072,"ARHGAP35","body","OpenSea",0.331,0.541,-0.21,-1.277,-5.788,0.00025,0.0335,TRUE,"hypo"
"cg17681313","chr2",204103311,"CYP20A1","promoter","N_Shore",0.118,0.382,-0.265,-2.358,-5.783,0.000251,0.0335,TRUE,"hypo"
"cg07586489","chr16",3013227,"KREMEN2","promoter","Island",0.502,0.722,-0.221,-1.386,-5.78,0.000252,0.0336,TRUE,"hypo"
"cg26265279","chr3",53566044,"CACNA1D","body","OpenSea",0.405,0.17,0.235,1.771,5.774,0.000254,0.0337,TRUE,"hyper"
"cg04702647","chr12",7308057,"CLSTN3","body","OpenSea",0.243,0.445,-0.202,-1.355,-5.77,0.000256,0.0337,TRUE,"hypo"
"cg11059932","chr1",226870623,"ITPKB","body","OpenSea",0.579,0.367,0.212,1.26,5.766,0.000257,0.0338,TRUE,"hyper"
"cg14022778","chr1",15653601,"FHAD1","body","OpenSea",0.289,0.612,-0.323,-2.039,-5.76,0.000259,0.0339,TRUE,"hypo"
"cg19099626","chr3",72149705,"LINC00877","promoter","OpenSea",0.364,0.586,-0.222,-1.325,-5.761,0.000259,0.0339,TRUE,"hypo"
"cg18112117","chr8",101965903,"YWHAZ","promoter","S_Shore",0.269,0.481,-0.212,-1.361,-5.759,0.000259,0.0339,TRUE,"hypo"
"cg25165880","chr1",6454326,"ACOT7","promoter","S_Shore",0.354,0.573,-0.219,-1.311,-5.753,0.000261,0.034,TRUE,"hypo"
"cg19995459","chr3",30647672,"TGFBR2","promoter","N_Shore",0.149,0.351,-0.202,-1.687,-5.753,0.000261,0.034,TRUE,"hypo"
"cg01190459","chr3",72397347,"","intergenic","OpenSea",0.448,0.67,-0.222,-1.341,-5.755,0.000261,0.034,TRUE,"hypo"
"cg16135989","chr5",176166629,"","intergenic","N_Shelf",0.394,0.611,-0.217,-1.291,-5.754,0.000261,0.034,TRUE,"hypo"
"cg06552563","chr16",89632749,"","intergenic","Island",0.274,0.514,-0.241,-1.532,-5.753,0.000261,0.034,TRUE,"hypo"
"cg21652664","chr11",126152369,"TIRAP","promoter","N_Shore",0.357,0.577,-0.219,-1.309,-5.75,0.000262,0.034,TRUE,"hypo"
"cg24159561","chr3",32188219,"GPD1L","body","OpenSea",0.47,0.674,-0.204,-1.233,-5.745,0.000264,0.0341,TRUE,"hypo"
"cg08489309","chr3",54067965,"","intergenic","OpenSea",0.217,0.461,-0.243,-1.675,-5.743,0.000265,0.0342,TRUE,"hypo"
"cg26807301","chr16",22326380,"POLR3E","body","OpenSea",0.392,0.633,-0.241,-1.429,-5.739,0.000266,0.0342,TRUE,"hypo"
"cg01894667","chr9",140437017,"PNPLA7","body","N_Shore",0.639,0.436,0.203,1.216,5.735,0.000267,0.0343,TRUE,"hyper"
"cg21844749","chr8",15431358,"TUSC3","body","OpenSea",0.403,0.611,-0.208,-1.231,-5.732,0.000268,0.0343,TRUE,"hypo"
"cg18651072","chr12",12080634,"","intergenic","OpenSea",0.427,0.64,-0.213,-1.258,-5.722,0.000272,0.0346,TRUE,"hypo"
"cg10511890","chr11",47416487,"","intergenic","Island",0.377,0.577,-0.2,-1.177,-5.718,0.000273,0.0346,TRUE,"hypo"
"cg09891198","chr2",109855261,"SH3RF3","body","OpenSea",0.228,0.471,-0.243,-1.641,-5.716,0.000274,0.0347,TRUE,"hypo"
"cg08237922","chr3",52016828,"ACY1;ABHD14A-ACY1","promoter","N_Shore",0.221,0.481,-0.26,-1.763,-5.701,0.000279,0.0349,TRUE,"hypo"
"cg24709587","chr6",159526055,"","intergenic","OpenSea",0.631,0.411,0.22,1.315,5.702,0.000279,0.0349,TRUE,"hyper"
"cg05200998","chr2",242497924,"BOK-AS1;BOK","promoter","N_Shore",0.258,0.469,-0.211,-1.371,-5.695,0.000281,0.035,TRUE,"hypo"
"cg23196549","chr4",110480700,"CCDC109B","promoter","N_Shore",0.336,0.536,-0.2,-1.21,-5.697,0.000281,0.035,TRUE,"hypo"
"cg04781339","chr21",44781686,"","intergenic","N_Shore",0.257,0.5,-0.243,-1.576,-5.697,0.000281,0.035,TRUE,"hypo"
"cg08539620","chr17",40118030,"CNP","promoter","N_Shore",0.215,0.43,-0.215,-1.505,-5.693,0.000282,0.035,TRUE,"hypo"
"cg23937476","chr5",112492735,"MCC","body","OpenSea",0.394,0.177,0.217,1.595,5.684,0.000285,0.0352,TRUE,"hyper"
"cg07115955","chr16",14657135,"PARN","body","OpenSea",0.276,0.52,-0.244,-1.538,-5.685,0.000285,0.0352,TRUE,"hypo"
"cg02762363","chr5",126852998,"PRRC1","promoter","N_Shore",0.292,0.52,-0.228,-1.429,-5.684,0.000286,0.0352,TRUE,"hypo"
"cg14546415","chr7",2277069,"FTSJ2","body","OpenSea",0.383,0.607,-0.224,-1.33,-5.682,0.000286,0.0352,TRUE,"hypo"
"cg12009710","chr7",86848102,"TMEM243","body","N_Shore",0.204,0.421,-0.217,-1.56,-5.682,0.000286,0.0352,TRUE,"hypo"
"cg06782090","chr17",77787880,"","intergenic","Island",0.274,0.482,-0.208,-1.333,-5.683,0.000286,0.0352,TRUE,"hypo"
"cg12034297","chr1",160137816,"ATP1A4","body","OpenSea",0.361,0.562,-0.202,-1.211,-5.678,0.000287,0.0353,TRUE,"hypo"
"cg05316864","chr4",140527631,"","intergenic","OpenSea",0.234,0.473,-0.239,-1.61,-5.68,0.000287,0.0352,TRUE,"hypo"
"cg19410314","chr17",53343827,"HLF","body","S_Shore",0.314,0.609,-0.295,-1.82,-5.676,0.000288,0.0353,TRUE,"hypo"
"cg08045462","chr2",3491169,"","intergenic","OpenSea",0.403,0.607,-0.203,-1.201,-5.674,0.000289,0.0353,TRUE,"hypo"
"cg20011562","chr6",12749352,"PHACTR1","body","N_Shore",0.546,0.315,0.231,1.406,5.674,0.000289,0.0353,TRUE,"hyper"
"cg10297170","chr14",24564367,"PCK2","promoter","S_Shore",0.282,0.498,-0.216,-1.365,-5.672,0.00029,0.0354,TRUE,"hypo"
"cg11721464","chr19",42703763,"DEDD2","body","Island",0.459,0.704,-0.245,-1.499,-5.673,0.00029,0.0353,TRUE,"hypo"
"cg04275792","chr3",188841676,"","intergenic","OpenSea",0.415,0.618,-0.203,-1.194,-5.664,0.000293,0.0355,TRUE,"hypo"
"cg03502172","chr9",113490608,"MUSK","body","OpenSea",0.722,0.522,0.2,1.273,5.663,0.000293,0.0355,TRUE,"hyper"
"cg15924577","chr11",120039917,"","intergenic","Island",0.39,0.178,0.211,1.603,5.657,0.000295,0.0357,TRUE,"hyper"
"cg16610070","chr2",37900047,"CDC42EP3","promoter","S_Shore",0.196,0.445,-0.249,-1.78,-5.652,0.000297,0.0357,TRUE,"hypo"
"cg19932930","chr4",96177059,"UNC5C","body","OpenSea",0.237,0.478,-0.241,-1.618,-5.653,0.000297,0.0357,TRUE,"hypo"
"cg16063312","chr10",22725587,"","intergenic","Island",0.461,0.664,-0.203,-1.221,-5.653,0.000297,0.0357,TRUE,"hypo"
"cg20454869","chr22",38294985,"","intergenic","OpenSea",0.316,0.544,-0.228,-1.391,-5.653,0.000297,0.0357,TRUE,"hypo"
"cg15209808","chr22",30476254,"HORMAD2","promoter","Island",0.39,0.684,-0.294,-1.784,-5.65,0.000298,0.0357,TRUE,"hypo"
"cg05586855","chr11",47279281,"NR1H3","promoter","OpenSea",0.237,0.45,-0.213,-1.436,-5.643,0.000301,0.0358,TRUE,"hypo"
"cg09550909","chr3",36949957,"TRANK1","body","OpenSea",0.453,0.653,-0.2,-1.184,-5.64,0.000302,0.0359,TRUE,"hypo"
"cg11704012","chr12",6561007,"TAPBPL;LOC678655","promoter","OpenSea",0.164,0.422,-0.259,-2.013,-5.639,0.000303,0.036,TRUE,"hypo"
"cg12113819","chr12",116716154,"MED13L","promoter","OpenSea",0.244,0.471,-0.226,-1.508,-5.638,0.000303,0.036,TRUE,"hypo"
"cg01135546","chr17",45949828,"","intergenic","Island",0.322,0.628,-0.306,-1.887,-5.638,0.000303,0.036,TRUE,"hypo"
"cg21656748","chr4",77135347,"SCARB2","promoter","Island",0.118,0.321,-0.202,-1.768,-5.634,0.000304,0.036,TRUE,"hypo"
"cg19858820","chr17",40162610,"DNAJC7","promoter","OpenSea",0.255,0.498,-0.244,-1.594,-5.635,0.000304,0.036,TRUE,"hypo"
"cg01329475","chr9",5566471,"PDCD1LG2","body","OpenSea",0.348,0.576,-0.229,-1.369,-5.632,0.000305,0.0361,TRUE,"hypo"
"cg19389370","chr11",10161484,"SBF2","body","OpenSea",0.433,0.162,0.271,1.983,5.625,0.000308,0.0362,TRUE,"hyper"
"cg25017223","chr17",75238703,"","intergenic","OpenSea",0.126,0.371,-0.245,-2.139,-5.625,0.000308,0.0361,TRUE,"hypo"
"cg21096990","chr1",211499960,"TRAF5","promoter","N_Shore",0.146,0.379,-0.233,-1.917,-5.622,0.000309,0.0362,TRUE,"hypo"
"cg16303918","chr2",219848528,"FEV","body","N_Shore",0.168,0.42,-0.252,-1.925,-5.623,0.000309,0.0362,TRUE,"hypo"
"cg07204479","chr12",89915527,"WDR51B;GALNT4","promoter","N_Shelf",0.221,0.422,-0.201,-1.409,-5.623,0.000309,0.0362,TRUE,"hypo"
"cg21396064","chr16",14397766,"MIR193B","promoter","S_Shore",0.306,0.594,-0.288,-1.79,-5.619,0.00031,0.0363,TRUE,"hypo"
"cg02396633","chr20",10536899,"SLX4IP","body","OpenSea",0.591,0.384,0.207,1.234,5.616,0.000311,0.0363,TRUE,"hyper"
"cg09065876","chr17",45949756,"","intergenic","Island",0.434,0.681,-0.246,-1.496,-5.614,0.000312,0.0363,TRUE,"hypo"
"cg10151281","chr19",16178420,"TPM4","promoter","Island",0.302,0.504,-0.202,-1.255,-5.616,0.000312,0.0363,TRUE,"hypo"
"cg20079298","chr15",40572326,"","intergenic","Island",0.341,0.562,-0.221,-1.331,-5.611,0.000313,0.0364,TRUE,"hypo"
"cg00031277","chr4",101943443,"","intergenic","OpenSea",0.642,0.423,0.219,1.304,5.606,0.000315,0.0365,TRUE,"hyper"
"cg17215278","chr1",117114263,"CD58","promoter","S_Shore",0.447,0.649,-0.202,-1.205,-5.604,0.000316,0.0366,TRUE,"hypo"
"cg23172400","chr8",95962367,"TP53INP1","promoter","Island",0.453,0.689,-0.236,-1.436,-5.605,0.000316,0.0366,TRUE,"hypo"
"cg06928382","chr9",139321378,"","intergenic","S_Shelf",0.44,0.671,-0.231,-1.39,-5.604,0.000316,0.0366,TRUE,"hypo"
"cg03567358","chr11",71050535,"","intergenic","OpenSea",0.237,0.5,-0.263,-1.756,-5.605,0.000316,0.0366,TRUE,"hypo"
"cg21454922","chr7",5483394,"","intergenic","OpenSea",0.418,0.629,-0.211,-1.26,-5.602,0.000317,0.0366,TRUE,"hypo"
"cg07946652","chr1",7624535,"CAMTA1","body","OpenSea",0.162,0.367,-0.205,-1.657,-5.591,0.000322,0.0369,TRUE,"hypo"
"cg05313542","chr16",1033153,"SOX8","body","Island",0.294,0.575,-0.281,-1.75,-5.589,0.000323,0.0369,TRUE,"hypo"
"cg17532766","chr19",41724408,"AXL","promoter","OpenSea",0.353,0.577,-0.224,-1.35,-5.584,0.000325,0.037,TRUE,"hypo"
"cg14167629","chr1",24646046,"GRHL3","promoter","N_Shelf",0.378,0.596,-0.218,-1.295,-5.578,0.000327,0.0372,TRUE,"hypo"
"cg01847818","chr1",92546566,"BTBD8","body","S_Shore",0.315,0.571,-0.255,-1.574,-5.578,0.000327,0.0372,TRUE,"hypo"
"cg14799482","chr1",90135931,"LRRC8C","promoter","OpenSea",0.404,0.2,0.204,1.438,5.577,0.000328,0.0372,TRUE,"hyper"
"cg12899034","chr5",64557881,"ADAMTS6","body","OpenSea",0.414,0.643,-0.229,-1.361,-5.575,0.000328,0.0372,TRUE,"hypo"
"cg06730718","chr16",50186224,"PAPD5","promoter","OpenSea",0.381,0.595,-0.215,-1.282,-5.576,0.000328,0.0372,TRUE,"hypo"
"cg25738786","chr6",170532786,"","intergenic","S_Shelf",0.278,0.519,-0.242,-1.528,-5.573,0.000329,0.0373,TRUE,"hypo"
"cg11585288","chr3",196359989,"LINC01063","promoter","S_Shore",0.206,0.508,-0.302,-2.105,-5.571,0.00033,0.0373,TRUE,"hypo"
"cg20907669","chr21",34755813,"","intergenic","OpenSea",0.371,0.577,-0.206,-1.231,-5.573,0.00033,0.0373,TRUE,"hypo"
"cg11689700","chr1",94983186,"ABCD3","body","OpenSea",0.369,0.58,-0.212,-1.265,-5.57,0.000331,0.0373,TRUE,"hypo"
"cg23008871","chr17",45949743,"","intergenic","Island",0.382,0.648,-0.266,-1.607,-5.569,0.000331,0.0373,TRUE,"hypo"
"cg00587635","chr6",167004335,"RPS6KA2","body","OpenSea",0.33,0.529,-0.2,-1.216,-5.565,0.000333,0.0374,TRUE,"hypo"
"cg13961295","chr2",23755963,"KLHL29","promoter","OpenSea",0.267,0.474,-0.206,-1.338,-5.563,0.000334,0.0375,TRUE,"hypo"
"cg07433152","chr17",60782222,"MARCH10","body","S_Shore",0.17,0.384,-0.214,-1.656,-5.563,0.000334,0.0375,TRUE,"hypo"
"cg01543570","chr3",15835938,"ANKRD28","promoter","OpenSea",0.593,0.375,0.218,1.297,5.554,0.000337,0.0377,TRUE,"hyper"
"cg07153053","chr10",90984672,"LIPA","body","OpenSea",0.33,0.566,-0.237,-1.442,-5.555,0.000337,0.0376,TRUE,"hypo"
"cg12323063","chr17",67497879,"MAP2K6","body","OpenSea",0.482,0.706,-0.224,-1.367,-5.555,0.000337,0.0376,TRUE,"hypo"
"cg22785294","chr17",80796693,"TBCD;ZNF750","promoter","OpenSea",0.145,0.356,-0.211,-1.785,-5.555,0.000337,0.0376,TRUE,"hypo"
"cg07367777","chr2",161077050,"","intergenic","OpenSea",0.425,0.654,-0.229,-1.362,-5.553,0.000338,0.0377,TRUE,"hypo"
"cg15527515","chr14",23630709,"SLC7A8","body","OpenSea",0.281,0.499,-0.218,-1.375,-5.54,0.000344,0.038,TRUE,"hypo"
"cg05881768","chr13",40258678,"COG6","body","OpenSea",0.443,0.651,-0.208,-1.244,-5.536,0.000345,0.038,TRUE,"hypo"
"cg05270634","chr17",41177445,"RND2","promoter","Island",0.218,0.508,-0.29,-1.983,-5.536,0.000346,0.038,TRUE,"hypo"
"cg01802506","chr12",133343292,"","intergenic","S_Shelf",0.167,0.407,-0.24,-1.862,-5.533,0.000347,0.0381,TRUE,"hypo"
"cg02284387","chr2",3649238,"COLEC11","promoter","OpenSea",0.336,0.566,-0.23,-1.397,-5.529,0.000349,0.0381,TRUE,"hypo"
"cg11899483","chr1",169257746,"NME7","body","OpenSea",0.543,0.301,0.242,1.485,5.524,0.000351,0.0382,TRUE,"hyper"
"cg22833485","chr16",89508880,"LOC101927817;ANKRD11","promoter","OpenSea",0.229,0.439,-0.21,-1.44,-5.521,0.000352,0.0383,TRUE,"hypo"
"cg10356410","chr2",166554344,"","intergenic","OpenSea",0.229,0.492,-0.262,-1.767,-5.52,0.000353,0.0383,TRUE,"hypo"
"cg01973954","chr12",66247580,"HMGA2;LOC100129940","body","OpenSea",0.667,0.463,0.204,1.22,5.517,0.000354,0.0384,TRUE,"hyper"
"cg23588204","chr1",212003001,"LPGAT1","promoter","N_Shore",0.483,0.694,-0.211,-1.293,-5.512,0.000356,0.0384,TRUE,"hypo"
"cg08929980","chr1",6978618,"CAMTA1","body","OpenSea",0.319,0.523,-0.203,-1.245,-5.511,0.000357,0.0385,TRUE,"hypo"
"cg26542888","chr1",185014264,"RNF2","promoter","N_Shore",0.207,0.411,-0.204,-1.472,-5.508,0.000358,0.0385,TRUE,"hypo"
"cg06619621","chr11",32354742,"","intergenic","N_Shore",0.111,0.337,-0.225,-2.15,-5.509,0.000358,0.0385,TRUE,"hypo"
"cg15246805","chr6",133584189,"EYA4","promoter","OpenSea",0.562,0.344,0.218,1.302,5.506,0.000359,0.0385,TRUE,"hyper"
"cg03187411","chr7",110482491,"IMMP2L","body","OpenSea",0.289,0.525,-0.235,-1.477,-5.502,0.000361,0.0386,TRUE,"hypo"
"cg04998805","chr12",15115389,"ARHGDIB","promoter","OpenSea",0.251,0.581,-0.33,-2.157,-5.5,0.000362,0.0387,TRUE,"hypo"
"cg25481874","chr11",126017003,"","intergenic","OpenSea",0.258,0.52,-0.262,-1.7,-5.499,0.000363,0.0387,TRUE,"hypo"
"cg17460525","chr3",52176632,"POC1A","body","OpenSea",0.484,0.688,-0.205,-1.242,-5.493,0.000365,0.0388,TRUE,"hypo"
"cg10400081","chr11",76299682,"","intergenic","OpenSea",0.281,0.521,-0.24,-1.518,-5.487,0.000368,0.0389,TRUE,"hypo"
"cg03210340","chr14",21537527,"FLJ10357","promoter","N_Shore",0.196,0.474,-0.277,-1.959,-5.487,0.000368,0.0389,TRUE,"hypo"
"cg22693863","chr19",14118191,"RFX1","promoter","S_Shore",0.295,0.515,-0.22,-1.371,-5.489,0.000368,0.0389,TRUE,"hypo"
"cg18094830","chr19",11184879,"","intergenic","OpenSea",0.313,0.577,-0.264,-1.633,-5.487,0.000369,0.0389,TRUE,"hypo"
"cg06721528","chr1",40781824,"COL9A2","body","Island",0.164,0.388,-0.224,-1.777,-5.479,0.000372,0.0391,TRUE,"hypo"
"cg03982896","chr16",14702701,"PARN","body","OpenSea",0.356,0.637,-0.281,-1.712,-5.476,0.000374,0.0391,TRUE,"hypo"
"cg04339613","chr10",131757303,"EBF3","body","Island",0.364,0.636,-0.272,-1.651,-5.468,0.000378,0.0393,TRUE,"hypo"
"cg07702888","chr1",156338793,"RHBG","promoter","Island",0.467,0.688,-0.221,-1.333,-5.462,0.000381,0.0394,TRUE,"hypo"
"cg17250302","chr11",6676597,"DCHS1","promoter","Island",0.228,0.434,-0.206,-1.413,-5.458,0.000382,0.0395,TRUE,"hypo"
"cg16489360","chr7",129845574,"TMEM209","promoter","S_Shore",0.18,0.425,-0.246,-1.854,-5.458,0.000383,0.0395,TRUE,"hypo"
"cg14892066","chr4",183839263,"DCTD","promoter","Island",0.223,0.568,-0.346,-2.342,-5.456,0.000384,0.0395,TRUE,"hypo"
"cg07835443","chr16",89734986,"C16orf55","body","Island",0.267,0.489,-0.222,-1.421,-5.456,0.000384,0.0395,TRUE,"hypo"
"cg10716444","chr3",141405880,"","intergenic","OpenSea",0.216,0.428,-0.212,-1.496,-5.448,0.000388,0.0397,TRUE,"hypo"
"cg22812853","chr6",35512865,"","intergenic","OpenSea",0.407,0.626,-0.218,-1.303,-5.448,0.000388,0.0397,TRUE,"hypo"
"cg12456597","chr1",165611525,"MGST3","promoter","OpenSea",0.312,0.525,-0.213,-1.313,-5.445,0.000389,0.0398,TRUE,"hypo"
"cg12539724","chr8",17767750,"","intergenic","OpenSea",0.217,0.444,-0.228,-1.571,-5.445,0.000389,0.0398,TRUE,"hypo"
"cg23426958","chr8",1949329,"KBTBD11","promoter","Island",0.197,0.469,-0.272,-1.942,-5.442,0.000391,0.0399,TRUE,"hypo"
"cg10162691","chr17",41177409,"RND2","promoter","Island",0.246,0.585,-0.339,-2.215,-5.441,0.000391,0.0399,TRUE,"hypo"
"cg24012683","chr5",82228556,"","intergenic","OpenSea",0.379,0.666,-0.287,-1.72,-5.438,0.000393,0.0399,TRUE,"hypo"
"cg07003632","chr14",100259329,"EML1","promoter","Island",0.337,0.592,-0.254,-1.547,-5.438,0.000393,0.0399,TRUE,"hypo"
"cg01681396","chr1",27676122,"SYTL1","body","Island",0.352,0.577,-0.226,-1.364,-5.429,0.000397,0.0401,TRUE,"hypo"
"cg01553661","chr6",28186797,"LOC222699","promoter","Island",0.139,0.405,-0.266,-2.224,-5.428,0.000398,0.0402,TRUE,"hypo"
"cg24178846","chr1",51956747,"EPS15","body","OpenSea",0.275,0.498,-0.223,-1.409,-5.426,0.000399,0.0402,TRUE,"hypo"
"cg10928544","chr14",91862864,"CCDC88C","body","OpenSea",0.207,0.42,-0.213,-1.515,-5.426,0.000399,0.0402,TRUE,"hypo"
"cg16969872","chr13",79968324,"RBM26","body","OpenSea",0.275,0.641,-0.367,-2.362,-5.424,4e-04,0.0402,TRUE,"hypo"
"cg04489053","chr12",110783142,"ATP2A2","body","OpenSea",0.33,0.576,-0.246,-1.5,-5.422,0.000401,0.0403,TRUE,"hypo"
"cg21926619","chr17",40111666,"TTC25","body","OpenSea",0.313,0.519,-0.206,-1.275,-5.419,0.000403,0.0404,TRUE,"hypo"
"cg00394180","chr8",97167170,"GDF6","body","N_Shelf",0.223,0.569,-0.347,-2.347,-5.414,0.000406,0.0405,TRUE,"hypo"
"cg21555798","chr7",6655727,"ZNF853","promoter","Island",0.479,0.698,-0.22,-1.341,-5.411,0.000407,0.0405,TRUE,"hypo"
"cg15742737","chr2",64863651,"SERTAD2","body","OpenSea",0.195,0.474,-0.278,-1.997,-5.41,0.000408,0.0405,TRUE,"hypo"
"cg05651778","chr17",60729731,"MRC2","body","Island",0.48,0.711,-0.231,-1.427,-5.408,0.000409,0.0406,TRUE,"hypo"
"cg05469695","chr2",37899953,"CDC42EP3","promoter","S_Shore",0.098,0.309,-0.211,-2.199,-5.405,0.00041,0.0406,TRUE,"hypo"
"cg09175873","chr8",67624612,"SGK3;C8orf44-SGK3","promoter","Island",0.184,0.394,-0.209,-1.59,-5.406,0.00041,0.0406,TRUE,"hypo"
"cg19127283","chr3",32859407,"TRIM71","promoter","Island",0.461,0.689,-0.227,-1.389,-5.403,0.000412,0.0407,TRUE,"hypo"
"cg05665651","chr16",89525202,"ANKRD11","promoter","OpenSea",0.254,0.454,-0.2,-1.325,-5.399,0.000414,0.0407,TRUE,"hypo"
"cg05092860","chr2",7218214,"LOC101929452","promoter","OpenSea",0.652,0.429,0.223,1.343,5.395,0.000416,0.0409,TRUE,"hyper"
"cg13871187","chr4",7967393,"ABLIM2","body","OpenSea",0.401,0.619,-0.218,-1.305,-5.393,0.000417,0.0409,TRUE,"hypo"
"cg25963539","chr16",89181941,"ACSF3","body","OpenSea",0.452,0.66,-0.208,-1.236,-5.394,0.000417,0.0409,TRUE,"hypo"
"cg27357306","chr10",63657059,"","intergenic","OpenSea",0.266,0.595,-0.329,-2.126,-5.39,0.000418,0.041,TRUE,"hypo"
"cg26286901","chr8",22595307,"PEBP4","body","OpenSea",0.323,0.559,-0.236,-1.447,-5.387,0.00042,0.0411,TRUE,"hypo"
"cg22747480","chr10",1166867,"WDR37","body","OpenSea",0.251,0.503,-0.251,-1.644,-5.384,0.000422,0.0412,TRUE,"hypo"
"cg26232188","chr11",10822059,"EIF4G2","body","OpenSea",0.275,0.502,-0.227,-1.441,-5.376,0.000427,0.0414,TRUE,"hypo"
"cg26376245","chr17",72745951,"SLC9A3R1","body","Island",0.412,0.615,-0.203,-1.205,-5.374,0.000428,0.0415,TRUE,"hypo"
"cg11343148","chr11",33278148,"HIPK3","promoter","N_Shore",0.34,0.579,-0.239,-1.455,-5.371,0.000429,0.0416,TRUE,"hypo"
"cg14101400","chr2",144230891,"ARHGAP15","body","OpenSea",0.507,0.298,0.209,1.286,5.359,0.000436,0.0419,TRUE,"hyper"
"cg13291394","chr4",53526629,"USP46","promoter","S_Shore",0.427,0.658,-0.231,-1.388,-5.36,0.000436,0.0419,TRUE,"hypo"
"cg24057263","chr13",46675681,"CPB2","body","OpenSea",0.314,0.531,-0.217,-1.338,-5.359,0.000436,0.0419,TRUE,"hypo"
"cg22820364","chr14",81901540,"","intergenic","N_Shore",0.201,0.448,-0.247,-1.772,-5.358,0.000437,0.0419,TRUE,"hypo"
"cg21326590","chr11",62388293,"B3GAT3","body","N_Shore",0.311,0.538,-0.227,-1.406,-5.355,0.000439,0.0419,TRUE,"hypo"
"cg07244354","chr10",131757801,"EBF3","body","Island",0.364,0.624,-0.26,-1.58,-5.349,0.000442,0.0421,TRUE,"hypo"
"cg13552742","chr14",77229061,"VASH1","promoter","S_Shore",0.195,0.418,-0.223,-1.617,-5.343,0.000446,0.0422,TRUE,"hypo"
"cg05754643","chr2",220717658,"","intergenic","OpenSea",0.461,0.665,-0.204,-1.22,-5.341,0.000447,0.0423,TRUE,"hypo"
"cg19913626","chr8",49533357,"","intergenic","OpenSea",0.417,0.617,-0.2,-1.186,-5.338,0.000448,0.0424,TRUE,"hypo"
"cg01709619","chr3",129346694,"","intergenic","S_Shore",0.503,0.706,-0.203,-1.274,-5.338,0.000449,0.0424,TRUE,"hypo"
"cg09074856","chr1",2979817,"FLJ42875","body","Island",0.539,0.306,0.233,1.428,5.336,0.00045,0.0424,TRUE,"hyper"
"cg07588778","chr3",18486983,"SATB1-AS1","body","Island",0.382,0.588,-0.207,-1.22,-5.336,0.00045,0.0424,TRUE,"hypo"
"cg07529783","chr14",93540378,"ITPK1","body","OpenSea",0.226,0.467,-0.241,-1.653,-5.336,0.00045,0.0424,TRUE,"hypo"
"cg06921872","chr6",82957936,"IBTK","promoter","S_Shore",0.404,0.626,-0.222,-1.312,-5.331,0.000453,0.0425,TRUE,"hypo"
"cg06419432","chr17",25707535,"","intergenic","OpenSea",0.144,0.407,-0.263,-2.181,-5.33,0.000453,0.0425,TRUE,"hypo"
"cg10522479","chr4",121983500,"NDNF","promoter","OpenSea",0.302,0.512,-0.21,-1.31,-5.328,0.000455,0.0426,TRUE,"hypo"
"cg21722242","chr4",2464050,"","intergenic","Island",0.413,0.676,-0.263,-1.604,-5.321,0.000459,0.0427,TRUE,"hypo"
"cg24859316","chr1",201450362,"","intergenic","N_Shore",0.251,0.464,-0.212,-1.398,-5.318,0.000461,0.0428,TRUE,"hypo"
"cg25652294","chr10",93504840,"","intergenic","OpenSea",0.293,0.509,-0.216,-1.361,-5.315,0.000462,0.0428,TRUE,"hypo"
"cg12006683","chr22",32870415,"FBXO7","promoter","N_Shore",0.322,0.537,-0.215,-1.309,-5.314,0.000463,0.0429,TRUE,"hypo"
"cg14843888","chr3",53530247,"CACNA1D","body","S_Shore",0.377,0.637,-0.261,-1.572,-5.31,0.000465,0.043,TRUE,"hypo"
"cg24035746","chr12",31804122,"METTL20","promoter","OpenSea",0.392,0.608,-0.216,-1.278,-5.31,0.000465,0.043,TRUE,"hypo"
"cg08171502","chr21",23294676,"","intergenic","OpenSea",0.312,0.588,-0.275,-1.68,-5.309,0.000466,0.043,TRUE,"hypo"
"cg05294159","chr17",43047548,"","intergenic","Island",0.401,0.609,-0.208,-1.242,-5.307,0.000467,0.0431,TRUE,"hypo"
"cg00569276","chr1",17446545,"PADI2","promoter","S_Shore",0.362,0.624,-0.261,-1.588,-5.304,0.000469,0.0432,TRUE,"hypo"
"cg19517476","chr19",14591301,"GIPC1","body","Island",0.459,0.687,-0.228,-1.401,-5.304,0.000469,0.0432,TRUE,"hypo"
"cg19284658","chr13",43876277,"ENOX1","body","OpenSea",0.414,0.179,0.235,1.689,5.303,0.00047,0.0432,TRUE,"hyper"
"cg06383124","chr16",85171295,"","intergenic","Island",0.443,0.657,-0.214,-1.274,-5.303,0.00047,0.0432,TRUE,"hypo"
"cg21626540","chr2",10720198,"NOL10","body","OpenSea",0.36,0.561,-0.202,-1.203,-5.301,0.000471,0.0432,TRUE,"hypo"
"cg05154698","chr1",26202441,"","intergenic","Island",0.536,0.764,-0.227,-1.481,-5.3,0.000472,0.0432,TRUE,"hypo"
"cg19954471","chr13",113097315,"","intergenic","OpenSea",0.216,0.482,-0.266,-1.843,-5.3,0.000472,0.0432,TRUE,"hypo"
"cg21169762","chr14",81790336,"STON2","body","OpenSea",0.247,0.495,-0.248,-1.64,-5.298,0.000473,0.0433,TRUE,"hypo"
"cg27321017","chr11",3666662,"ART1","promoter","S_Shelf",0.556,0.311,0.246,1.498,5.295,0.000475,0.0434,TRUE,"hyper"
"cg09763756","chr15",98946732,"","intergenic","OpenSea",0.581,0.357,0.223,1.336,5.294,0.000476,0.0434,TRUE,"hyper"
"cg19245758","chr3",101497779,"FAM55C","promoter","N_Shore",0.273,0.511,-0.238,-1.531,-5.289,0.000479,0.0436,TRUE,"hypo"
"cg20577142","chr8",32192146,"NRG1","body","OpenSea",0.571,0.328,0.243,1.472,5.289,0.000479,0.0436,TRUE,"hyper"
"cg00592484","chr10",114516143,"VTI1A","body","OpenSea",0.349,0.585,-0.235,-1.416,-5.279,0.000485,0.0438,TRUE,"hypo"
"cg02708705","chr17",74264300,"FAM100B","body","S_Shelf",0.222,0.459,-0.237,-1.635,-5.278,0.000486,0.0438,TRUE,"hypo"
"cg07880854","chr2",112895559,"FBLN7","promoter","N_Shore",0.44,0.643,-0.203,-1.212,-5.276,0.000487,0.0439,TRUE,"hypo"
"cg17480077","chr1",10895517,"","intergenic","N_Shore",0.502,0.702,-0.2,-1.219,-5.271,0.00049,0.044,TRUE,"hypo"
"cg20309629","chr7",4885664,"RADIL","body","OpenSea",0.313,0.553,-0.24,-1.479,-5.271,0.00049,0.044,TRUE,"hypo"
"cg15220903","chr6",167004045,"RPS6KA2","body","OpenSea",0.195,0.445,-0.25,-1.809,-5.27,0.000491,0.0441,TRUE,"hypo"
"cg26605006","chr16",30197364,"CORO1A","body","S_Shelf",0.417,0.628,-0.211,-1.247,-5.268,0.000493,0.0441,TRUE,"hypo"
"cg15322516","chr14",104145810,"KLC1","body","OpenSea",0.268,0.494,-0.226,-1.463,-5.266,0.000494,0.0441,TRUE,"hypo"
"cg05159804","chr17",44343776,"","intergenic","Island",0.339,0.541,-0.202,-1.227,-5.264,0.000495,0.0442,TRUE,"hypo"
"cg16246188","chr11",113947203,"ZBTB16","body","OpenSea",0.398,0.626,-0.228,-1.365,-5.261,0.000497,0.0442,TRUE,"hypo"
"cg25650256","chr5",171538557,"STK10","body","OpenSea",0.259,0.525,-0.266,-1.736,-5.259,0.000499,0.0443,TRUE,"hypo"
"cg09328024","chr1",206808174,"DYRK3","promoter","N_Shore",0.232,0.532,-0.3,-2.01,-5.256,5e-04,0.0444,TRUE,"hypo"
"cg09624148","chr5",179222544,"LTC4S","body","N_Shore",0.309,0.511,-0.202,-1.259,-5.257,5e-04,0.0443,TRUE,"hypo"
"cg22719913","chr15",83776023,"TM6SF1","promoter","Island",0.22,0.429,-0.209,-1.471,-5.247,0.000507,0.0446,TRUE,"hypo"
"cg13635023","chr5",112409340,"MCC","body","OpenSea",0.592,0.348,0.244,1.471,5.243,0.00051,0.0447,TRUE,"hyper"
"cg23363263","chr2",224751989,"WDFY1","body","OpenSea",0.354,0.603,-0.249,-1.504,-5.241,0.000511,0.0447,TRUE,"hypo"
"cg03675047","chr2",119566221,"","intergenic","OpenSea",0.319,0.529,-0.21,-1.294,-5.229,0.000519,0.0451,TRUE,"hypo"
"cg16233888","chr8",61842553,"","intergenic","OpenSea",0.412,0.612,-0.2,-1.183,-5.229,0.000519,0.0451,TRUE,"hypo"
"cg14189583","chr19",42703852,"DEDD2","body","Island",0.404,0.611,-0.207,-1.219,-5.228,0.00052,0.0451,TRUE,"hypo"
"cg25924408","chr20",56868676,"PPP4R1L","body","OpenSea",0.314,0.572,-0.258,-1.599,-5.228,0.00052,0.0451,TRUE,"hypo"
"cg03006768","chr2",174848244,"","intergenic","OpenSea",0.215,0.465,-0.25,-1.741,-5.225,0.000522,0.0451,TRUE,"hypo"
"cg02085507","chr19",6739192,"TRIP10","promoter","N_Shore",0.297,0.58,-0.283,-1.778,-5.224,0.000522,0.0452,TRUE,"hypo"
"cg04276413","chr13",34184663,"STARD13","promoter","OpenSea",0.118,0.331,-0.213,-1.997,-5.223,0.000523,0.0452,TRUE,"hypo"
"cg26088136","chr9",119707355,"ASTN2","body","OpenSea",0.38,0.595,-0.215,-1.279,-5.217,0.000527,0.0453,TRUE,"hypo"
"cg04832557","chr13",101194666,"","intergenic","OpenSea",0.304,0.54,-0.236,-1.45,-5.216,0.000528,0.0453,TRUE,"hypo"
"cg09285418","chr2",101768973,"TBC1D8","promoter","S_Shore",0.23,0.453,-0.224,-1.537,-5.215,0.000529,0.0453,TRUE,"hypo"
"cg17852791","chr17",49022312,"","intergenic","S_Shore",0.419,0.628,-0.208,-1.24,-5.214,0.00053,0.0454,TRUE,"hypo"
"cg21215929","chr5",14873039,"ANKH","promoter","S_Shore",0.265,0.467,-0.201,-1.313,-5.209,0.000533,0.0455,TRUE,"hypo"
"cg20132609","chr13",99698423,"DOCK9","body","OpenSea",0.52,0.756,-0.236,-1.514,-5.21,0.000533,0.0455,TRUE,"hypo"
"cg09986153","chr8",28893138,"HMBOX1","body","OpenSea",0.386,0.599,-0.213,-1.279,-5.201,0.000539,0.0457,TRUE,"hypo"
"cg06212359","chr13",30995258,"LINC01058","body","N_Shore",0.34,0.576,-0.236,-1.422,-5.199,0.00054,0.0457,TRUE,"hypo"
"cg06721393","chr14",22694601,"","intergenic","OpenSea",0.307,0.517,-0.209,-1.294,-5.2,0.00054,0.0457,TRUE,"hypo"
"cg04073696","chr14",76840353,"ESRRB","promoter","N_Shelf",0.434,0.188,0.247,1.742,5.199,0.000541,0.0458,TRUE,"hyper"
"cg16183365","chr4",61615756,"","intergenic","OpenSea",0.426,0.164,0.262,1.898,5.197,0.000542,0.0458,TRUE,"hyper"
"cg26624914","chr9",33448382,"SUGT1P1;AQP3","promoter","S_Shore",0.337,0.547,-0.21,-1.271,-5.194,0.000544,0.0459,TRUE,"hypo"
"cg09193611","chr12",7244465,"C1R","body","OpenSea",0.35,0.565,-0.215,-1.301,-5.193,0.000545,0.0459,TRUE,"hypo"
"cg02468320","chr12",2404134,"CACNA1C","body","OpenSea",0.325,0.576,-0.251,-1.545,-5.192,0.000546,0.0459,TRUE,"hypo"
"cg24044762","chr1",9884598,"CLSTN1","promoter","Island",0.334,0.594,-0.26,-1.584,-5.189,0.000548,0.046,TRUE,"hypo"
"cg18154954","chr19",39055500,"RYR1","body","Island",0.63,0.422,0.208,1.242,5.185,0.000551,0.0461,TRUE,"hyper"
"cg09007811","chr3",191217102,"LINCR-0002","body","OpenSea",0.458,0.662,-0.203,-1.222,-5.179,0.000555,0.0463,TRUE,"hypo"
"cg07542748","chr7",4885643,"RADIL","body","OpenSea",0.255,0.482,-0.227,-1.482,-5.177,0.000557,0.0463,TRUE,"hypo"
"cg27651809","chr15",63481000,"RAB8B","promoter","N_Shore",0.38,0.597,-0.218,-1.309,-5.176,0.000557,0.0463,TRUE,"hypo"
"cg22218735","chr21",46294615,"PTTG1IP","promoter","Island",0.142,0.408,-0.266,-2.232,-5.176,0.000558,0.0463,TRUE,"hypo"
"cg18459618","chr17",29297478,"RNF135","promoter","N_Shore",0.387,0.706,-0.32,-2.005,-5.172,0.00056,0.0464,TRUE,"hypo"
"cg00933542","chr6",150070202,"PCMT1","promoter","N_Shore",0.201,0.415,-0.214,-1.56,-5.17,0.000562,0.0465,TRUE,"hypo"
"cg21557146","chr5",140503914,"PCDHB4","promoter","S_Shore",0.606,0.322,0.284,1.735,5.167,0.000564,0.0466,TRUE,"hyper"
"cg03913400","chr8",32505187,"NRG1","promoter","OpenSea",0.402,0.714,-0.312,-1.933,-5.163,0.000567,0.0467,TRUE,"hypo"
"cg11642412","chr11",63768412,"MACROD1","body","Island",0.398,0.631,-0.232,-1.391,-5.16,0.000569,0.0468,TRUE,"hypo"
"cg12209737","chr11",126262025,"ST3GAL4","promoter","OpenSea",0.343,0.56,-0.217,-1.324,-5.161,0.000569,0.0468,TRUE,"hypo"
"cg03723001","chr12",117147681,"","intergenic","OpenSea",0.391,0.604,-0.213,-1.271,-5.161,0.000569,0.0468,TRUE,"hypo"
"cg16218664","chr1",87621414,"LINC01140","body","S_Shelf",0.351,0.569,-0.217,-1.309,-5.151,0.000577,0.047,TRUE,"hypo"
"cg09982069","chr13",21477337,"XPO4","promoter","Island",0.203,0.474,-0.271,-1.937,-5.138,0.000587,0.0474,TRUE,"hypo"
"cg13165846","chr2",161328958,"RBMS1","body","OpenSea",0.528,0.32,0.208,1.269,5.135,0.000589,0.0475,TRUE,"hyper"
"cg16795804","chr2",37384523,"EIF2AK2","promoter","S_Shore",0.38,0.588,-0.209,-1.235,-5.135,0.00059,0.0475,TRUE,"hypo"
"cg19679327","chr11",112279096,"","intergenic","OpenSea",0.236,0.446,-0.211,-1.434,-5.129,0.000594,0.0476,TRUE,"hypo"
"cg15112362","chr14",69261509,"ZFP36L1","promoter","Island",0.183,0.46,-0.277,-2.052,-5.128,0.000595,0.0477,TRUE,"hypo"
"cg13497582","chr12",22681352,"C2CD5","body","OpenSea",0.667,0.467,0.2,1.223,5.124,0.000598,0.0478,TRUE,"hyper"
"cg17657814","chr5",112495105,"MCC","body","OpenSea",0.423,0.214,0.209,1.446,5.12,0.000601,0.0479,TRUE,"hyper"
"cg08855908","chr14",22961831,"","intergenic","OpenSea",0.277,0.522,-0.244,-1.567,-5.121,0.000601,0.0478,TRUE,"hypo"
"cg02931729","chr11",129183228,"","intergenic","OpenSea",0.508,0.741,-0.234,-1.497,-5.12,0.000602,0.0479,TRUE,"hypo"
"cg20218907","chr21",38338454,"HLCS","promoter","Island",0.202,0.549,-0.347,-2.44,-5.116,0.000605,0.048,TRUE,"hypo"
"cg01694590","chr1",21044687,"KIF17","promoter","Island",0.17,0.474,-0.304,-2.283,-5.106,0.000613,0.0482,TRUE,"hypo"
"cg06881898","chr1",95006539,"F3","body","N_Shore",0.116,0.328,-0.212,-1.986,-5.099,0.000619,0.0485,TRUE,"hypo"
"cg16290866","chr8",97167768,"GDF6","body","N_Shore",0.152,0.357,-0.205,-1.738,-5.099,0.000619,0.0485,TRUE,"hypo"
"cg05323624","chr1",236699485,"LGALS8","body","OpenSea",0.243,0.461,-0.218,-1.466,-5.097,0.000621,0.0485,TRUE,"hypo"
"cg05227549","chr12",1770782,"","intergenic","Island",0.327,0.557,-0.23,-1.41,-5.096,0.000621,0.0485,TRUE,"hypo"
"cg11650479","chr10",62704408,"RHOBTB1","promoter","S_Shore",0.299,0.598,-0.299,-1.889,-5.095,0.000623,0.0486,TRUE,"hypo"
"cg17243052","chr2",192439182,"","intergenic","OpenSea",0.631,0.383,0.248,1.5,5.092,0.000625,0.0487,TRUE,"hyper"
"cg13903070","chr1",61456527,"","intergenic","OpenSea",0.218,0.448,-0.23,-1.611,-5.089,0.000628,0.0487,TRUE,"hypo"
"cg05446908","chr1",25057044,"","intergenic","OpenSea",0.445,0.663,-0.219,-1.313,-5.086,0.00063,0.0488,TRUE,"hypo"
"cg20917814","chr17",61501323,"TANC2","body","OpenSea",0.526,0.726,-0.2,-1.261,-5.085,0.000631,0.0488,TRUE,"hypo"
"cg20558767","chr14",30824588,"","intergenic","OpenSea",0.226,0.464,-0.238,-1.632,-5.083,0.000632,0.0488,TRUE,"hypo"
"cg07782886","chr1",27113722,"PIGV","promoter","N_Shore",0.28,0.498,-0.217,-1.389,-5.081,0.000635,0.0489,TRUE,"hypo"
"cg17917283","chr12",1642645,"","intergenic","S_Shore",0.414,0.618,-0.204,-1.213,-5.078,0.000637,0.0489,TRUE,"hypo"
"cg21035222","chr14",65006281,"HSPA2","promoter","N_Shore",0.466,0.733,-0.266,-1.666,-5.076,0.000639,0.049,TRUE,"hypo"
"cg02422265","chr7",1121644,"C7orf50","body","S_Shore",0.503,0.743,-0.24,-1.538,-5.07,0.000644,0.0491,TRUE,"hypo"
"cg27559661","chr16",57125836,"CPNE2","promoter","N_Shore",0.287,0.517,-0.229,-1.46,-5.069,0.000645,0.0491,TRUE,"hypo"
"cg06423211","chr19",551401,"","intergenic","Island",0.431,0.734,-0.303,-1.906,-5.066,0.000647,0.0493,TRUE,"hypo"
"cg16211161","chr11",113907291,"","intergenic","Island",0.362,0.632,-0.27,-1.63,-5.065,0.000648,0.0493,TRUE,"hypo"
"cg04922015","chr16",86500429,"","intergenic","OpenSea",0.625,0.398,0.227,1.354,5.062,0.000651,0.0494,TRUE,"hyper"
"cg21509516","chr8",116639837,"TRPS1","promoter","OpenSea",0.402,0.176,0.226,1.651,5.061,0.000652,0.0494,TRUE,"hyper"
"cg05210497","chr11",65121660,"TIGD3","promoter","N_Shore",0.408,0.622,-0.214,-1.279,-5.061,0.000652,0.0494,TRUE,"hypo"
"cg05236451","chr2",236877288,"AGAP1","body","OpenSea",0.34,0.543,-0.203,-1.231,-5.058,0.000654,0.0495,TRUE,"hypo"
"cg06318402","chr1",244894363,"","intergenic","Island",0.291,0.531,-0.24,-1.512,-5.055,0.000658,0.0496,TRUE,"hypo"
"cg25052226","chr7",5554412,"LOC221946;FBXL18","promoter","S_Shore",0.418,0.628,-0.211,-1.254,-5.053,0.000659,0.0496,TRUE,"hypo"
"cg14110355","chr8",103807172,"","intergenic","OpenSea",0.301,0.523,-0.222,-1.386,-5.053,0.000659,0.0496,TRUE,"hypo"
"cg23677039","chr1",21044685,"KIF17","promoter","Island",0.224,0.502,-0.278,-1.888,-5.047,0.000664,0.0498,TRUE,"hypo"
"cg09147423","chr10",103455113,"FBXW4","promoter","S_Shore",0.46,0.662,-0.202,-1.212,-5.046,0.000665,0.0498,TRUE,"hypo"
